type,schedule_id,po_number,item_code,needed_qty,po_line_id,reason,increment_qty,remaining_qty
schedule,1001,PRL0045966,B56,,,no_po_line,,
schedule,315,IST2701-020101-2MR,9O9,,,no_po_line,,
schedule,316,IST2601-020101-2MR,DF4,,,no_po_line,,
schedule,317,IST3201-020101-2BT,D10,,,no_po_line,,
schedule,318,IST2601-020101-2MR,DZ0,,,no_po_line,,
schedule,319,IST2701-020101-2MR,SP4,,,no_po_line,,
schedule,320,IST3201-020101-2BT,R25,,,no_po_line,,
schedule,321,IST2701-020101-2MR,STKM-13AC 15.9 X 1.4 X 535.0,,,no_po_line,,
schedule,322,IST2701-020101-2MR,STKM-13AC 19.1 X 2.3 X 996.0,,,no_po_line,,
schedule,323,IST2701-020101-2MR,BK8,,,no_po_line,,
schedule,324,IST2601-020101-2MR,B56,,,no_po_line,,
schedule,325,IST2601-020101-2MR,B65,,,no_po_line,,
schedule,326,IST2601-020101-2MR,C31,,,no_po_line,,
schedule,327,IST2601-020101-2MR,VT6,,,no_po_line,,
schedule,328,IST3201-020101-2BT,5X7,,,no_po_line,,
schedule,329,IST3201-020101-2BT,B13,,,no_po_line,,
schedule,330,IST2701-020101-2MR,PB5,,,no_po_line,,
schedule,331,IST2701-020101-2MR,SP5,,,no_po_line,,
schedule,332,IST2701-020101-2MR,FP9,,,no_po_line,,
schedule,333,IST3201-020101-2BT,FP8,,,no_po_line,,
schedule,334,IST3201-020101-2BT,FP6,,,no_po_line,,
schedule,335,IST2601-020101-2MR,STKM 470 12.0 X 2.0 X 597,,,no_po_line,,
schedule,336,IST3201-020101-2BT,C99,,,no_po_line,,
schedule,337,IST2901-020101-2MR,VD43,,,no_po_line,,
schedule,338,IST2601-030102-2MR,DF3,,,no_po_line,,
schedule,339,IST2601-030102-2MR,STKM-370G 25.4 x 1.6 x 136.3,,,no_po_line,,
schedule,340,IST3201-030102-2BT,STKM-600 Ø12 X 2.00 X 103,,,no_po_line,,
schedule,341,IST2701-030102-2MR,PB1,,,no_po_line,,
schedule,342,IST2701-030102-2MR,PB8,,,no_po_line,,
schedule,343,IST3201-030102-2BT,FP6,,,no_po_line,,
schedule,376,IST2601-030102-2MR,AO4,,,no_po_line,,
schedule,377,IST2601-030102-2MR,9J6,,,no_po_line,,
schedule,344,IST2901-050103-2MR,VD03,,,no_po_line,,
schedule,345,IST2901-050103-2MR,VD43,,,no_po_line,,
schedule,346,IST2701-050103-2MR,9O9,,,no_po_line,,
schedule,347,IST2601-050103-2MR,DF4,,,no_po_line,,
schedule,348,IST3201-050103-2BT,D10,,,no_po_line,,
schedule,349,IST2601-050103-2MR,DZ0,,,no_po_line,,
schedule,350,IST2701-050103-2MR,SP4,,,no_po_line,,
schedule,351,IST3201-050103-2BT,R25,,,no_po_line,,
schedule,352,IST2701-050103-2MR,STKM-13AC 15.9 X 1.4 X 535.0,,,no_po_line,,
schedule,353,IST2701-050103-2MR,STKM-13AC 19.1 X 2.3 X 996.0,,,no_po_line,,
schedule,354,IST2701-050103-2MR,STKM-11AC 22.2 X 1.2 X 1225.0,,,no_po_line,,
schedule,355,IST2701-050103-2MR,BK2,,,no_po_line,,
schedule,356,IST2701-050103-2MR,BK8,,,no_po_line,,
schedule,357,IST2601-050103-2MR,B56,,,no_po_line,,
schedule,358,IST2901-050103-2MR,VG99,,,no_po_line,,
schedule,359,IST2601-050103-2MR,C31,,,no_po_line,,
schedule,360,IST2601-050103-2MR,VT6,,,no_po_line,,
schedule,361,IST3201-050103-2BT,5X7,,,no_po_line,,
schedule,362,IST2701-050103-2MR,STKM-11AC 12.0 x 0.8 x 900.0,,,no_po_line,,
schedule,363,IST3201-050103-2BT,B14,,,no_po_line,,
schedule,364,IST3201-050103-2BT,B13,,,no_po_line,,
schedule,365,IST2701-050103-2MR,PB5,,,no_po_line,,
schedule,366,IST2701-050103-2MR,SP7,,,no_po_line,,
schedule,367,IST2901-050103-2MR,VG66,,,no_po_line,,
schedule,368,IST2701-050103-2MR,FP9,,,no_po_line,,
schedule,369,IST2701-050103-2MR,FP0,,,no_po_line,,
schedule,370,IST2601-050103-2MR,B69,,,no_po_line,,
schedule,371,IST2701-050103-2MR,BK3,,,no_po_line,,
schedule,372,IST2701-050103-2MR,BK1,,,no_po_line,,
schedule,373,IST2701-050103-2MR,BK0,,,no_po_line,,
schedule,374,IST2601-050103-2MR,STKM 470 12.0 X 2.0 X 597,,,no_po_line,,
schedule,375,IST3201-050103-2BT,C99,,,no_po_line,,
schedule,410,IST2901-050100-2MR,VG67,,,no_po_line,,
schedule,411,IST2601-050100-2MR,B69,,,no_po_line,,
schedule,378,IST2701-060104-2MR,9O9,,,no_po_line,,
schedule,379,IST2601-060104-2MR,DZ0,,,no_po_line,,
schedule,380,IST2701-060104-2MR,SP4,,,no_po_line,,
schedule,381,IST2601-060104-2MR,B47,,,no_po_line,,
schedule,382,IST2701-060104-2MR,BK2,,,no_po_line,,
schedule,383,IST2701-060104-2MR,BK8,,,no_po_line,,
schedule,384,IST2701-060104-2MR,BK5,,,no_po_line,,
schedule,385,IST2701-060104-2MR,BK0,,,no_po_line,,
schedule,386,IST2601-060104-2MR,M43,,,no_po_line,,
schedule,387,IST2701-060104-2MR,BK1,,,no_po_line,,
schedule,388,IST2601-060104-2MR,STKM 470 12.0 X 2.0 X 597,,,no_po_line,,
schedule,389,IST2701-060104-2MR,STKM-11AC 12.0 x 0.8 x 900.0,,,no_po_line,,
schedule,390,IST3201-060104-2BT,B14,,,no_po_line,,
schedule,391,IST2701-060104-2MR,BK3,,,no_po_line,,
schedule,392,IST2701-060104-2MR,SP7,,,no_po_line,,
schedule,393,IST2601-060105-2MR,DF4,,,no_po_line,,
schedule,394,IST2601-060105-2MR,DF3,,,no_po_line,,
schedule,395,IST3201-060105-2BT,D09,,,no_po_line,,
schedule,396,IST2701-060105-2MR,STKM-13AC 25.4 x 1.40 x 456.6,,,no_po_line,,
schedule,397,IST2701-060105-2MR,PB3,,,no_po_line,,
schedule,398,IST2701-060105-2MR,STKM-13AC 19.1 X 1.6 X 438.0,,,no_po_line,,
schedule,399,IST2701-060105-2MR,BK10,,,no_po_line,,
schedule,400,IST2701-060105-2MR,BK4,,,no_po_line,,
schedule,401,IST2601-060105-2MR,B44,,,no_po_line,,
schedule,402,IST3201-060105-2BT,STKM-470 Ø14 X 1.35 X 776,,,no_po_line,,
schedule,403,IST2601-060105-2MR,VT6,,,no_po_line,,
schedule,404,IST3201-060105-2BT,B16,,,no_po_line,,
schedule,405,IST2701-060105-2MR,SP8,,,no_po_line,,
schedule,406,IST2701-060105-2MR,FP9,,,no_po_line,,
schedule,407,IST2601-060105-2MR,AJ7,,,no_po_line,,
schedule,408,IST2901-060105-2MR,VG62,,,no_po_line,,
schedule,409,IST2901-060105-2MR,VE87,,,no_po_line,,
schedule,412,IST2901-060100-2MR,VA65,,,no_po_line,,
schedule,413,IST2901-060100-2MR,DS03,,,no_po_line,,
schedule,414,IST2901-070106-2MR,VG99,,,no_po_line,,
schedule,415,IST2701-070106-2MR,9O9,,,no_po_line,,
schedule,416,IST2901-070106-2MR,VD43,,,no_po_line,,
schedule,417,IST2901-070106-2MR,VG62,,,no_po_line,,
schedule,418,IST3201-070106-2BT,D09,,,no_po_line,,
schedule,419,IST2601-070106-2MR,STKM 470 12.0 X 2.0 X 597,,,no_po_line,,
schedule,420,IST2601-070106-2MR,DZ0,,,no_po_line,,
schedule,421,IST2701-070106-2MR,STKM-13AC 25.4 x 1.40 x 456.6,,,no_po_line,,
schedule,422,IST2701-070106-2MR,SP4,,,no_po_line,,
schedule,423,IST2701-070106-2MR,BK0,,,no_po_line,,
schedule,424,IST2701-070106-2MR,BK1,,,no_po_line,,
schedule,425,IST2701-070106-2MR,BK2,,,no_po_line,,
schedule,426,IST2701-070106-2MR,BK8,,,no_po_line,,
schedule,427,IST2701-070106-2MR,BK10,,,no_po_line,,
schedule,428,IST2701-070106-2MR,BK5,,,no_po_line,,
schedule,429,IST2601-070106-2MR,B44,,,no_po_line,,
schedule,430,IST3201-070106-2BT,STKM-470 Ø14 X 1.35 X 776,,,no_po_line,,
schedule,431,IST2701-070106-2MR,BK3,,,no_po_line,,
schedule,432,IST3201-070106-2BT,5X7,,,no_po_line,,
schedule,433,IST3201-070106-2BT,B14,,,no_po_line,,
schedule,434,IST3201-070106-2BT,B13,,,no_po_line,,
schedule,435,IST2701-070106-2MR,SP7,,,no_po_line,,
schedule,436,IST2701-070106-2MR,STKM-13AC 25.4 X 2.0 X 1680.0,,,no_po_line,,
schedule,437,IST2901-070100-2MR,VA65,,,no_po_line,,
schedule,179,PO-MRP002186,B73,,,no_po_line,,
schedule,186,PO-MRP002186,C69,,,no_po_line,,
schedule,188,PO-MRP002186,VT8,,,no_po_line,,
schedule,192,PO-MRP002186,M69,,,no_po_line,,
schedule,195,PO-MRP002186,VT1,,,no_po_line,,
schedule,438,IST2901-080107-2MR,VA65,,,no_po_line,,
schedule,439,IST2901-080107-2MR,VD01,,,no_po_line,,
schedule,440,IST2901-080107-2MR,VD43,,,no_po_line,,
schedule,441,IST2901-080107-2MR,VG99,,,no_po_line,,
schedule,442,IST2901-080107-2MR,DV15,,,no_po_line,,
schedule,443,IST2701-080107-2MR,STKM-13AC 25.4 x 1.40 x 456.6,,,no_po_line,,
schedule,444,IST2701-080107-2MR,BK2,,,no_po_line,,
schedule,445,IST2701-080107-2MR,BK8,,,no_po_line,,
schedule,446,IST2701-080107-2MR,BK10,,,no_po_line,,
schedule,447,IST2601-080107-2MR,C31,,,no_po_line,,
schedule,448,IST3201-080107-2BT,STKM-470 Ø14 X 1.35 X 776,,,no_po_line,,
schedule,449,IST2601-080107-2MR,VT3,,,no_po_line,,
schedule,450,IST3201-080107-2BT,5X7,,,no_po_line,,
schedule,451,IST3201-080107-2BT,B15,,,no_po_line,,
schedule,452,IST3201-080107-2BT,B14,,,no_po_line,,
schedule,453,IST3201-080107-2BT,B13,,,no_po_line,,
schedule,454,IST2701-080107-2MR,SP7,,,no_po_line,,
schedule,455,IST2601-080107-2MR,C87,,,no_po_line,,
schedule,456,IST2701-080107-2MR,BK3,,,no_po_line,,
schedule,457,IST2701-080107-2MR,BK1,,,no_po_line,,
schedule,458,IST2601-080107-2MR,STKM 470 12.0 X 2.0 X 597,,,no_po_line,,
schedule,459,IST2601-080107-2MR,B69,,,no_po_line,,
schedule,460,IST2601-080107-2MR,B46,,,no_po_line,,
schedule,461,IST3201-090108-2BT,R24,,,no_po_line,,
schedule,462,IST3201-090108-2BT,R26,,,no_po_line,,
schedule,463,IST2601-090108-2MR,C75,,,no_po_line,,
schedule,464,IST2701-090108-2MR,BK2,,,no_po_line,,
schedule,465,IST2601-090108-2MR,B44,,,no_po_line,,
schedule,466,IST2601-090108-2MR,C31,,,no_po_line,,
schedule,467,IST3201-090108-2BT,STKM-470 Ø14 X 1.35 X 776,,,no_po_line,,
schedule,468,IST2601-090108-2MR,VT3,,,no_po_line,,
schedule,469,IST3201-090108-2BT,STKM-600 Ø12 X 2.00 X 103,,,no_po_line,,
schedule,470,IST2701-090108-2MR,BK3,,,no_po_line,,
schedule,471,IST2901-090108-2MR,VD43,,,no_po_line,,
schedule,472,IST2601-090108-2MR,B46,,,no_po_line,,
schedule,473,IST2601-090108-2MR,B69,,,no_po_line,,
schedule,474,IST2601-090108-2MR,C87,,,no_po_line,,
schedule,475,IST2601-090108-2MR,D01,,,no_po_line,,
schedule,476,IST2701-090108-2MR,FP9,,,no_po_line,,
schedule,477,IST2601-090108-2MR,B65,,,no_po_line,,
schedule,478,IST3201-090108-2BT,C81,,,no_po_line,,
schedule,479,IST3201-090108-2BT,D09,,,no_po_line,,
schedule,480,IST3201-090108-2BT,D10,,,no_po_line,,
schedule,481,IST2601-090108-2MR,DZ0,,,no_po_line,,
schedule,482,IST2701-090108-2MR,PB1,,,no_po_line,,
schedule,483,IST2701-090108-2MR,BK1,,,no_po_line,,
schedule,484,IST2901-090108-2MR,VD41,,,no_po_line,,
schedule,485,IST2901-090108-2MR,VG99,,,no_po_line,,
schedule,486,IST2601-090108-2MR,DY17,,,no_po_line,,
schedule,487,IST3201-090108-2BT,5X7,,,no_po_line,,
schedule,488,IST3201-090108-2BT,B15,,,no_po_line,,
schedule,489,IST3201-090108-2BT,B14,,,no_po_line,,
schedule,490,IST3201-090108-2BT,B13,,,no_po_line,,
schedule,491,IST2701-090108-2MR,SP8,,,no_po_line,,
schedule,492,IST2701-090108-2MR,SP7,,,no_po_line,,
schedule,493,IST2701-090108-2MR,HP8,,,no_po_line,,
schedule,494,IST2901-090108-2MR,VA65,,,no_po_line,,
schedule,495,IST2601-090109-2MR,DF3,,,no_po_line,,
schedule,496,IST2701-090109-2MR,SP2,,,no_po_line,,
schedule,497,IST2601-090109-2MR,DF4,,,no_po_line,,
schedule,498,IST2901-090109-2MR,VA77,,,no_po_line,,
schedule,499,IST2601-090109-2MR,VT2,,,no_po_line,,
schedule,500,IST2701-090109-2MR,PB3,,,no_po_line,,
schedule,501,IST2901-100110-2MR,DS03,,,no_po_line,,
schedule,502,IST2601-100110-2MR,DF4,,,no_po_line,,
schedule,503,IST2601-100110-2MR,DF3,,,no_po_line,,
schedule,504,IST2601-100110-2MR,D01,,,no_po_line,,
schedule,506,IST2701-100110-2MR,PB1,,,no_po_line,,
schedule,509,IST2701-100110-2MR,BK2,,,no_po_line,,
schedule,510,IST2701-100110-2MR,BK5,,,no_po_line,,
schedule,511,IST2601-100110-2MR,B56,,,no_po_line,,
schedule,512,IST3201-100110-2BT,C72,,,no_po_line,,
schedule,515,IST2601-100110-2MR,M43,,,no_po_line,,
schedule,516,IST2601-100110-2MR,B46,,,no_po_line,,
schedule,519,IST2701-100110-2MR,FP9,,,no_po_line,,
schedule,520,IST2601-100110-2MR,AJ8,,,no_po_line,,
schedule,521,IST2701-100110-2MR,BK3,,,no_po_line,,
schedule,522,IST3201-100110-2BT,C99,,,no_po_line,,
schedule,523,IST2901-100110-2MR,VD03,,,no_po_line,,
schedule,524,IST2901-100110-2MR,VD43,,,no_po_line,,
schedule,525,IST2901-100110-2MR,VG62,,,no_po_line,,
schedule,526,IST2901-100110-2MR,VG99,,,no_po_line,,
schedule,162,PO-MRP002284,SL32,,,no_po_line,,
schedule,163,PO-MRP002284,SL38,,,no_po_line,,
schedule,164,PO-MRP002284,SL40,,,no_po_line,,
schedule,165,PO-MRP002284,SL45,,,no_po_line,,
schedule,177,PO-MRP002186,B61,,,no_po_line,,
schedule,180,PO-MRP002186,B73,,,no_po_line,,
schedule,182,PO-MRP002186,C13,,,no_po_line,,
schedule,187,PO-MRP002186,C69,,,no_po_line,,
schedule,189,PO-MRP002186,VT8,,,no_po_line,,
schedule,193,PO-MRP002186,M69,,,no_po_line,,
schedule,196,PO-MRP002186,VT1,,,no_po_line,,
schedule,505,IST3201-120110-2BT,D10,,,no_po_line,,
schedule,507,IST3201-120110-2BT,R24,,,no_po_line,,
schedule,508,IST3201-120110-2BT,R26,,,no_po_line,,
schedule,513,IST3201-120110-2BT,STKM-470 Ø14 X 1.35 X 776,,,no_po_line,,
schedule,514,IST3201-120110-2BT,C81,,,no_po_line,,
schedule,517,IST3201-120110-2BT,B16,,,no_po_line,,
schedule,518,IST3201-120110-2BT,B13,,,no_po_line,,
schedule,527,IST2601-120111-2MR,DF3,,,no_po_line,,
schedule,528,IST2701-120111-2MR,STKM-13AC 15.9 X 1.4 X 558.0,,,no_po_line,,
schedule,529,IST2701-120111-2MR,STKM-13AC 25.4 x 1.40 x 456.6,,,no_po_line,,
schedule,530,IST2701-120111-2MR,SP4,,,no_po_line,,
schedule,531,IST3201-120111-2BT,R24,,,no_po_line,,
schedule,532,IST3201-120111-2BT,R26,,,no_po_line,,
schedule,533,IST2701-120111-2MR,BK2,,,no_po_line,,
schedule,534,IST2701-120111-2MR,BK10,,,no_po_line,,
schedule,535,IST2701-120111-2MR,BK4,,,no_po_line,,
schedule,536,IST2701-120111-2MR,BK5,,,no_po_line,,
schedule,537,IST2601-120111-2MR,B56,,,no_po_line,,
schedule,538,IST3201-120111-2BT,STKM-470 Ø14 X 1.35 X 776,,,no_po_line,,
schedule,539,IST2601-120111-2MR,M43,,,no_po_line,,
schedule,540,IST2601-120111-2MR,AJ7,,,no_po_line,,
schedule,541,IST2701-120111-2MR,BK3,,,no_po_line,,
schedule,542,IST2701-120111-2MR,BK1,,,no_po_line,,
schedule,543,IST2701-120111-2MR,BK0,,,no_po_line,,
schedule,544,IST2901-120111-2MR,VD03,,,no_po_line,,
schedule,545,IST2901-120111-2MR,VD43,,,no_po_line,,
schedule,132,PO-MRP002301,BR40,,,no_po_line,,
schedule,133,PO-MRP002301,BR45,,,no_po_line,,
schedule,135,PO-MRP002301,BR50,,,no_po_line,,
schedule,137,PO-MRP002301,BR60,,,no_po_line,,
schedule,141,PO-MRP002301,BR70,,,no_po_line,,
schedule,143,PO-MRP002301,BR80,,,no_po_line,,
schedule,144,PO-MRP002302,BL32,,,no_po_line,,
schedule,145,PO-MRP002302,BL40,,,no_po_line,,
schedule,146,PO-MRP002302,BL50,,,no_po_line,,
schedule,147,PO-MRP002302,BL60,,,no_po_line,,
schedule,148,PO-MRP002302,BR45,,,no_po_line,,
schedule,149,PO-MRP002283,SR40,,,no_po_line,,
schedule,150,PO-MRP002283,SR30 WIRE SWB Ø 3.0 mm CARRER,,,no_po_line,,
schedule,157,PO-MRP002283,SR65,,,no_po_line,,
schedule,158,PO-MRP002283,SR50,,,no_po_line,,
schedule,159,PO-MRP002283,SR23,,,no_po_line,,
schedule,166,PO-MRP002284,SR20,,,no_po_line,,
schedule,546,IST2601-130112-2MR,DF3,,,no_po_line,,
schedule,547,IST2701-130112-2MR,STKM-13AC 15.9 X 1.4 X 535.0,,,no_po_line,,
schedule,548,IST2701-130112-2MR,BK2,,,no_po_line,,
schedule,549,IST2701-130112-2MR,BK8,,,no_po_line,,
schedule,550,IST2701-130112-2MR,BK10,,,no_po_line,,
schedule,551,IST2701-130112-2MR,BK4,,,no_po_line,,
schedule,552,IST2701-130112-2MR,BK5,,,no_po_line,,
schedule,553,IST2701-130112-2MR,BK0,,,no_po_line,,
schedule,554,IST2601-130112-2MR,B44,,,no_po_line,,
schedule,555,IST2701-130112-2MR,BK1,,,no_po_line,,
schedule,556,IST3201-130112-2BT,C81,,,no_po_line,,
schedule,557,IST2601-130112-2MR,M43,,,no_po_line,,
schedule,558,IST2601-130112-2MR,STKM-370G D25.4X1.6X466,,,no_po_line,,
schedule,559,IST3201-130112-2BT,5X7,,,no_po_line,,
schedule,560,IST3201-130112-2BT,B16,,,no_po_line,,
schedule,561,IST3201-130112-2BT,B13,,,no_po_line,,
schedule,562,IST2601-130112-2MR,AJ7,,,no_po_line,,
schedule,563,IST2601-130112-2MR,AJ8,,,no_po_line,,
schedule,564,IST2701-130112-2MR,BK3,,,no_po_line,,
schedule,565,IST5301-130112-2MR,3B5,,,no_po_line,,
schedule,566,IST5301-130112-2MR,3B9,,,no_po_line,,
schedule,567,IST5301-130112-2MR,3B8,,,no_po_line,,
schedule,568,IST2601-130100-2MR,B46,,,no_po_line,,
schedule,569,IST2601-130100-2MR,B69,,,no_po_line,,
schedule,570,IST2601-130100-2MR,B74,,,no_po_line,,
schedule,151,PO-MRP002283,CR38,,,no_po_line,,
schedule,153,PO-MRP002283,SR38,,,no_po_line,,
schedule,156,PO-MRP002283,SR60,,,no_po_line,,
schedule,168,PO-MRP002299,BR40,,,no_po_line,,
schedule,169,PO-MRP002299,BR50,,,no_po_line,,
schedule,170,PO-MRP002299,BR60,,,no_po_line,,
schedule,171,PO-MRP002299,BR70,,,no_po_line,,
schedule,178,PO-MRP002186,B61,,,no_po_line,,
schedule,181,PO-MRP002186,B73,,,no_po_line,,
schedule,183,PO-MRP002186,C13,,,no_po_line,,
schedule,190,PO-MRP002186,VT8,,,no_po_line,,
schedule,194,PO-MRP002186,M69,,,no_po_line,,
schedule,197,PO-MRP002186,VT1,,,no_po_line,,
schedule,571,IST2601-140113-2MR,DF4,,,no_po_line,,
schedule,572,IST3201-140113-2BT,D09,,,no_po_line,,
schedule,573,IST2601-140113-2MR,B46,,,no_po_line,,
schedule,574,IST2601-140113-2MR,DZ0,,,no_po_line,,
schedule,575,IST2701-140113-2MR,TB76,,,no_po_line,,
schedule,576,IST2701-140113-2MR,PB8,,,no_po_line,,
schedule,577,IST2701-140113-2MR,STKM-13AC 25.4 x 1.40 x 456.6,,,no_po_line,,
schedule,578,IST2701-140113-2MR,SP4,,,no_po_line,,
schedule,579,IST2601-140113-2MR,R40,,,no_po_line,,
schedule,580,IST3201-140113-2BT,R25,,,no_po_line,,
schedule,581,IST2701-140113-2MR,STKM-13AC 19.1 X 1.6 X 438.0,,,no_po_line,,
schedule,582,IST2701-140113-2MR,STKM-13AC 19.1 X 2.3 X 996.0,,,no_po_line,,
schedule,583,IST2701-140113-2MR,STKM-11AC 22.2 X 1.2 X 1225.0,,,no_po_line,,
schedule,584,IST2701-140114-2MR,BK2,,,no_po_line,,
schedule,585,IST2701-140114-2MR,BK8,,,no_po_line,,
schedule,586,IST2701-140114-2MR,BK10,,,no_po_line,,
schedule,587,IST2701-140114-2MR,BK4,,,no_po_line,,
schedule,588,IST2701-140114-2MR,BK5,,,no_po_line,,
schedule,589,IST2601-140113-2MR,DY17,,,no_po_line,,
schedule,590,IST2601-140113-2MR,C87,,,no_po_line,,
schedule,591,IST2601-140113-2MR,B57,,,no_po_line,,
schedule,592,IST3201-140113-2BT,C72,,,no_po_line,,
schedule,593,IST3201-140113-2BT,STKM-470 Ø14 X 1.35 X 776,,,no_po_line,,
schedule,594,IST2601-140113-2MR,B69,,,no_po_line,,
schedule,595,IST2601-140113-2MR,VT3,,,no_po_line,,
schedule,596,IST2701-140113-2MR,STKM-11AC 12.0 x 0.8 x 900.0,,,no_po_line,,
schedule,597,IST3201-140113-2BT,B16,,,no_po_line,,
schedule,598,IST2901-140113-2MR,VG99,,,no_po_line,,
schedule,599,IST2701-140113-2MR,SP5,,,no_po_line,,
schedule,600,IST2701-140113-2MR,FP9,,,no_po_line,,
schedule,601,IST3201-140113-2BT,FP6,,,no_po_line,,
schedule,602,IST2601-140113-2MR,AJ7,,,no_po_line,,
schedule,603,IST2601-140113-2MR,AJ8,,,no_po_line,,
schedule,604,IST2701-140114-2MR,BK3,,,no_po_line,,
schedule,605,IST2701-140114-2MR,BK1,,,no_po_line,,
schedule,606,IST2701-140114-2MR,BK0,,,no_po_line,,
schedule,607,IST2601-140113-2MR,STKM 470 12.0 X 2.0 X 597,,,no_po_line,,
schedule,608,IST2901-140113-2MR,VD43,,,no_po_line,,
schedule,609,IST2901-140100-2MR,VD03,,,no_po_line,,
schedule,610,IST2901-140100-2MR,VD43,,,no_po_line,,
schedule,611,IST2901-140100-2MR,VG99,,,no_po_line,,
schedule,666,IST2901-140110-2MR,VD64,,,no_po_line,,
schedule,667,IST2901-140110-2MR,VE87,,,no_po_line,,
schedule,160,PO-MRP002283,SR23,,,no_po_line,,
schedule,167,PO-MRP002284,SR20,,,no_po_line,,
schedule,612,IST2701-150115-2MR,9O9,,,no_po_line,,
schedule,613,IST3201-150115-2BT,STKM-600 Ø12 X 2.00 X 103,,,no_po_line,,
schedule,614,IST2601-150115-2MR,DF4,,,no_po_line,,
schedule,615,IST2601-150115-2MR,DF3,,,no_po_line,,
schedule,616,IST2901-150115-2MR,VG99,,,no_po_line,,
schedule,617,IST2601-150116-2MR,B46,,,no_po_line,,
schedule,618,IST2601-150115-2MR,DZ0,,,no_po_line,,
schedule,619,IST2701-150115-2MR,TB76,,,no_po_line,,
schedule,620,IST2701-150115-2MR,PB8,,,no_po_line,,
schedule,621,IST2701-150115-2MR,STKM-13AC 25.4 x 1.40 x 456.6,,,no_po_line,,
schedule,622,IST2701-150115-2MR,SP4,,,no_po_line,,
schedule,623,IST2601-150115-2MR,STKM-550 28.6 X 1.20 X 1497,,,no_po_line,,
schedule,624,IST2601-150115-2MR,R40,,,no_po_line,,
schedule,625,IST3201-150115-2BT,R25,,,no_po_line,,
schedule,626,IST3201-150115-2BT,R26,,,no_po_line,,
schedule,627,IST2601-150116-2MR,C75,,,no_po_line,,
schedule,628,IST2701-150115-2MR,STKM-13AC 19.1 X 1.6 X 438.0,,,no_po_line,,
schedule,629,IST2701-150115-2MR,STKM-13AC 19.1 X 2.3 X 996.0,,,no_po_line,,
schedule,630,IST2701-150115-2MR,STKM-11AC 22.2 X 1.2 X 1225.0,,,no_po_line,,
schedule,631,IST2701-150116-2MR,BK2,,,no_po_line,,
schedule,632,IST2701-150116-2MR,BK8,,,no_po_line,,
schedule,633,IST2701-150116-2MR,BK10,,,no_po_line,,
schedule,634,IST2701-150116-2MR,BK4,,,no_po_line,,
schedule,635,IST2701-150116-2MR,BK5,,,no_po_line,,
schedule,636,IST2601-150115-2MR,DY17,,,no_po_line,,
schedule,637,IST2601-150116-2MR,C87,,,no_po_line,,
schedule,638,IST2601-150116-2MR,B57,,,no_po_line,,
schedule,639,IST2601-150116-2MR,C31,,,no_po_line,,
schedule,640,IST3201-150115-2BT,C72,,,no_po_line,,
schedule,641,IST3201-150115-2BT,STKM-470 Ø14 X 1.35 X 776,,,no_po_line,,
schedule,642,IST2601-150116-2MR,M43,,,no_po_line,,
schedule,643,IST2601-150116-2MR,VT3,,,no_po_line,,
schedule,644,IST3201-150115-2BT,5X7,,,no_po_line,,
schedule,645,IST2601-150115-2MR,STKM-370 25.4 x 1.4 x 973,,,no_po_line,,
schedule,646,IST2701-150115-2MR,STKM-11AC 12.0 x 0.8 x 900.0,,,no_po_line,,
schedule,647,IST3201-150115-2BT,B14,,,no_po_line,,
schedule,648,IST3201-150115-2BT,B16,,,no_po_line,,
schedule,649,IST3201-150115-2BT,B13,,,no_po_line,,
schedule,650,IST2701-150115-2MR,SP8,,,no_po_line,,
schedule,651,IST2701-150115-2MR,SP5,,,no_po_line,,
schedule,652,IST2701-150115-2MR,HP8,,,no_po_line,,
schedule,653,IST2701-150115-2MR,FP9,,,no_po_line,,
schedule,654,IST3201-150115-2BT,STKM-650 Ø12 x 1.50 x 1034.0,,,no_po_line,,
schedule,655,IST2601-150116-2MR,B69,,,no_po_line,,
schedule,656,IST2601-150115-2MR,AJ7,,,no_po_line,,
schedule,657,IST2601-150115-2MR,AJ8,,,no_po_line,,
schedule,658,IST2701-150116-2MR,BK3,,,no_po_line,,
schedule,659,IST2701-150116-2MR,BK1,,,no_po_line,,
schedule,660,IST2701-150116-2MR,BK0,,,no_po_line,,
schedule,661,IST2601-150115-2MR,STKM 470 12.0 X 2.0 X 597,,,no_po_line,,
schedule,662,IST2901-150115-2MR,VD03,,,no_po_line,,
schedule,663,IST2901-150115-2MR,VD43,,,no_po_line,,
schedule,664,IST2901-150115-2MR,VE87,,,no_po_line,,
schedule,665,IST2901-150115-2MR,VG66,,,no_po_line,,
schedule,718,IST3402-150100-2MR,VA65,,,no_po_line,,
schedule,719,IST3402-150100-2MR,VG62,,,no_po_line,,
schedule,134,PO-MRP002301,BR45,,,no_po_line,,
schedule,136,PO-MRP002301,BR50,,,no_po_line,,
schedule,138,PO-MRP002301,BR60,,,no_po_line,,
schedule,142,PO-MRP002301,BR70,,,no_po_line,,
schedule,152,PO-MRP002283,CR38,,,no_po_line,,
schedule,154,PO-MRP002283,SR38,,,no_po_line,,
schedule,172,PO-MRP002300,BR50,,,no_po_line,,
schedule,174,PO-MRP002300,BR60,,,no_po_line,,
schedule,184,PO-MRP002186,C13,,,no_po_line,,
schedule,191,PO-MRP002186,VT8,,,no_po_line,,
schedule,669,IST2601-170117-2MR,C87,,,no_po_line,,
schedule,670,IST3201-170117-2BT,STKM-600 Ø12 X 2.00 X 103,,,no_po_line,,
schedule,677,IST2601-170117-2MR,STKM-550 28.6 X 1.20 X 1497,,,no_po_line,,
schedule,678,IST2601-170117-2MR,R40,,,no_po_line,,
schedule,679,IST3201-170117-2BT,R24,,,no_po_line,,
schedule,680,IST3201-170117-2BT,R26,,,no_po_line,,
schedule,681,IST2601-170117-2MR,R28,,,no_po_line,,
schedule,682,IST2601-170117-2MR,B46,,,no_po_line,,
schedule,683,IST3402-170117-2MR,VG99,,,no_po_line,,
schedule,689,IST2601-170117-2MR,DY17,,,no_po_line,,
schedule,690,IST2601-170117-2MR,B44,,,no_po_line,,
schedule,692,IST3402-170117-2MR,VG67,,,no_po_line,,
schedule,693,IST3201-170117-2BT,STKM-470 Ø14 X 1.35 X 776,,,no_po_line,,
schedule,694,IST2601-170117-2MR,M43,,,no_po_line,,
schedule,695,IST2601-170117-2MR,VT3,,,no_po_line,,
schedule,696,IST3201-170117-2BT,5X7,,,no_po_line,,
schedule,697,IST2601-170117-2MR,STKM-370 25.4 x 1.4 x 973,,,no_po_line,,
schedule,698,IST3201-170117-2BT,B14,,,no_po_line,,
schedule,699,IST3201-170117-2BT,B16,,,no_po_line,,
schedule,700,IST3201-170117-2BT,B13,,,no_po_line,,
schedule,705,IST3201-170117-2BT,STKM-650 Ø12 x 1.50 x 1034.0,,,no_po_line,,
schedule,706,IST3402-170117-2MR,VG66,,,no_po_line,,
schedule,707,IST2601-170117-2MR,AJ7,,,no_po_line,,
schedule,708,IST3402-170117-2MR,VG62,,,no_po_line,,
schedule,712,IST3201-170117-2BT,C99,,,no_po_line,,
schedule,713,IST3402-170117-2MR,VD03,,,no_po_line,,
schedule,714,IST3402-170117-2MR,VD43,,,no_po_line,,
schedule,715,IST3402-170117-2MR,VD64,,,no_po_line,,
schedule,716,IST3402-170117-2MR,VE87,,,no_po_line,,
schedule,717,IST3402-170117-2MR,VG07,,,no_po_line,,
schedule,741,IST2701-180100-2MR,PB1,,,no_po_line,,
schedule,139,PO-MRP002301,BR60,,,no_po_line,,
schedule,155,PO-MRP002283,SR38,,,no_po_line,,
schedule,161,PO-MRP002283,SR23,,,no_po_line,,
schedule,173,PO-MRP002300,BR50,,,no_po_line,,
schedule,175,PO-MRP002300,BR60,,,no_po_line,,
schedule,185,PO-MRP002186,C13,,,no_po_line,,
schedule,198,PO-MRP002327,B61,,,no_po_line,,
schedule,199,PO-MRP002327,B73,,,no_po_line,,
schedule,204,PO-MRP002327,C69,,,no_po_line,,
schedule,205,PO-MRP002327,VT8,,,no_po_line,,
schedule,206,PO-MRP002327,M69,,,no_po_line,,
schedule,668,IST2702-190117-2MR,9O9,,,no_po_line,,
schedule,675,IST2702-190117-2MR,STKM-13AC 25.4 x 1.40 x 456.6,,,no_po_line,,
schedule,676,IST2702-190117-2MR,SP4,,,no_po_line,,
schedule,684,IST2702-190117-2MR,BK2,,,no_po_line,,
schedule,685,IST2702-190117-2MR,BK8,,,no_po_line,,
schedule,686,IST2702-190117-2MR,BK10,,,no_po_line,,
schedule,687,IST2702-190117-2MR,BK4,,,no_po_line,,
schedule,688,IST2702-190117-2MR,BK5,,,no_po_line,,
schedule,701,IST2701-190117-2MR,PB6,,,no_po_line,,
schedule,702,IST2701-190117-2MR,SP8,,,no_po_line,,
schedule,703,IST2701-190117-2MR,HP8,,,no_po_line,,
schedule,704,IST2702-190117-2MR,FP9,,,no_po_line,,
schedule,709,IST2702-190117-2MR,BK3,,,no_po_line,,
schedule,710,IST2702-190117-2MR,BK1,,,no_po_line,,
schedule,711,IST2702-190117-2MR,BK0,,,no_po_line,,
schedule,720,IST2702-190118-2MR,9O9,,,no_po_line,,
schedule,721,IST2601-190118-2MR,STKM-550 28.6 X 1.20 X 1497,,,no_po_line,,
schedule,722,IST3201-190118-2BT,R24,,,no_po_line,,
schedule,723,IST2601-190118-2MR,R28,,,no_po_line,,
schedule,724,IST2701-190118-2MR,STKM-13AC 25.4 X 2.0 X 1680.0,,,no_po_line,,
schedule,725,IST2701-190118-2MR,STKM-11AC 19.1 X 1.2 X 2197.5,,,no_po_line,,
schedule,726,IST3402-190118-2MR,VD43,,,no_po_line,,
schedule,727,IST3402-190118-2MR,VD64,,,no_po_line,,
schedule,728,IST3402-190118-2MR,VE87,,,no_po_line,,
schedule,729,IST3402-190118-2MR,VG99,,,no_po_line,,
schedule,730,IST2601-190118-2MR,B46,,,no_po_line,,
schedule,731,IST2601-190118-2MR,B44,,,no_po_line,,
schedule,732,IST2602-190118-2MR,B56,,,no_po_line,,
schedule,733,IST3201-190118-2BT,C72,,,no_po_line,,
schedule,734,IST2602-190118-2MR,M43,,,no_po_line,,
schedule,735,IST2702-190118-2MR,STKM-11AC 12.0 x 0.8 x 900.0,,,no_po_line,,
schedule,736,IST3201-190118-2BT,B16,,,no_po_line,,
schedule,737,IST3201-190118-2BT,B13,,,no_po_line,,
schedule,738,IST3402-190118-2MR,VD03,,,no_po_line,,
schedule,739,IST2601-190118-2MR,AJ7,,,no_po_line,,
schedule,740,IST3201-190118-2BT,C99,,,no_po_line,,
schedule,776,IST4701-190100-2MR,SS05,,,no_po_line,,
schedule,1114,PO-MRP002327,VT8,,,no_po_line,,
schedule,1123,PO-MRP002327,VT8,,,no_po_line,,
schedule,742,IST2602-200119-2MR,B69,,,no_po_line,,
schedule,743,IST2602-200119-2MR,DF3,,,no_po_line,,
schedule,744,IST2702-200119-2MR,PB1,,,no_po_line,,
schedule,745,IST2601-200119-2MR,STKM-550 28.6 X 1.20 X 1497,,,no_po_line,,
schedule,746,IST3201-200119-2BT,R25,,,no_po_line,,
schedule,747,IST3201-200119-2BT,R26,,,no_po_line,,
schedule,748,IST2702-200119-2MR,STKM-13AC 19.1 X 2.3 X 996.0,,,no_po_line,,
schedule,749,IST2701-200119-2MR,STKM-13AC 25.4 X 2.0 X 1680.0,,,no_po_line,,
schedule,750,IST2601-200119-2MR,B74,,,no_po_line,,
schedule,751,IST2702-200119-2MR,BK2,,,no_po_line,,
schedule,752,IST2702-200119-2MR,BK8,,,no_po_line,,
schedule,753,IST2702-200119-2MR,BK10,,,no_po_line,,
schedule,754,IST2702-200119-2MR,BK5,,,no_po_line,,
schedule,755,IST2601-200119-2MR,B44,,,no_po_line,,
schedule,756,IST2602-200119-2MR,B56,,,no_po_line,,
schedule,757,IST3201-200119-2BT,C72,,,no_po_line,,
schedule,758,IST3201-200119-2BT,STKM-470 Ø14 X 1.35 X 776,,,no_po_line,,
schedule,759,IST2602-200119-2MR,B46,,,no_po_line,,
schedule,760,IST2602-200119-2MR,VT2,,,no_po_line,,
schedule,761,IST2702-200119-2MR,STKM-11AC 12.0 x 0.8 x 900.0,,,no_po_line,,
schedule,762,IST2702-200119-2MR,FP9,,,no_po_line,,
schedule,763,IST2601-200119-2MR,AJ7,,,no_po_line,,
schedule,764,IST2601-200119-2MR,AJ8,,,no_po_line,,
schedule,765,IST2702-200119-2MR,BK3,,,no_po_line,,
schedule,766,IST2702-200119-2MR,BK1,,,no_po_line,,
schedule,767,IST2702-200119-2MR,BK0,,,no_po_line,,
schedule,768,IST3201-200119-2BT,C99,,,no_po_line,,
schedule,769,IST3402-200119-2MR,VA65,,,no_po_line,,
schedule,770,IST3402-200119-2MR,VD43,,,no_po_line,,
schedule,771,IST3402-200119-2MR,VD64,,,no_po_line,,
schedule,772,IST3402-200119-2MR,VE87,,,no_po_line,,
schedule,773,IST3402-200119-2MR,VG99,,,no_po_line,,
schedule,774,IST3201-200119-2BT,R24,,,no_po_line,,
schedule,775,IST3201-200119-2BT,B13,,,no_po_line,,
schedule,777,IST4901-200100-2MR,BK9,,,no_po_line,,
schedule,778,IST3201-200100-2BT,C81,,,no_po_line,,
schedule,176,PO-MRP002300,BR60,,,no_po_line,,
schedule,200,PO-MRP002327,B73,,,no_po_line,,
schedule,202,PO-MRP002327,C13,,,no_po_line,,
schedule,207,PO-MRP002327,M69,,,no_po_line,,
schedule,779,IST4801-210121-2MR,B47,,,no_po_line,,
schedule,780,IST2602-210121-2MR,DZ0,,,no_po_line,,
schedule,781,IST4801-210121-2MR,STKM-550 28.6 X 1.20 X 1497,,,no_po_line,,
schedule,782,IST3201-210121-2BT,R25,,,no_po_line,,
schedule,783,IST3201-210121-2BT,R26,,,no_po_line,,
schedule,784,IST2702-210121-2MR,STKM-13AC 15.9 X 1.4 X 535.0,,,no_po_line,,
schedule,785,IST3201-210121-2BT,STKM-600 Ø12 X 2.00 X 103,,,no_po_line,,
schedule,786,IST2702-210121-2MR,BK2,,,no_po_line,,
schedule,787,IST2702-210121-2MR,BK10,,,no_po_line,,
schedule,788,IST2702-210121-2MR,BK9,,,no_po_line,,
schedule,789,IST2602-210121-2MR,B44,,,no_po_line,,
schedule,790,IST2602-210121-2MR,C31,,,no_po_line,,
schedule,791,IST3201-210121-2BT,C72,,,no_po_line,,
schedule,792,IST3201-210121-2BT,STKM-470 Ø14 X 1.35 X 776,,,no_po_line,,
schedule,793,IST3201-210121-2BT,C81,,,no_po_line,,
schedule,794,IST4901-210121-2MR,FP0,,,no_po_line,,
schedule,795,IST3201-210121-2BT,B16,,,no_po_line,,
schedule,796,IST2702-210121-2MR,BK3,,,no_po_line,,
schedule,797,IST2702-210121-2MR,BK1,,,no_po_line,,
schedule,798,IST3201-210121-2BT,C99,,,no_po_line,,
schedule,799,IST3402-210121-2MR,VD43,,,no_po_line,,
schedule,800,IST3402-210121-2MR,VG62,,,no_po_line,,
schedule,801,IST3201-210121-2BT,5X7,,,no_po_line,,
schedule,802,IST4801-210121-2MR,B46,,,no_po_line,,
schedule,803,IST3001-210121-2MR,3B5,,,no_po_line,,
schedule,804,IST3001-210121-2MR,3B9,,,no_po_line,,
schedule,805,IST3001-210121-2MR,3B8,,,no_po_line,,
schedule,806,IST3402-210121-2MR,VG66,,,no_po_line,,
schedule,807,IST3402-210121-2MR,VG07,,,no_po_line,,
schedule,808,IST3402-210121-2MR,VG87,,,no_po_line,,
schedule,140,PO-MRP002301,BR60,,,no_po_line,,
schedule,809,IST2702-220122-2MR,9O9,,,no_po_line,,
schedule,810,IST3201-220122-2BT,STKM-600 Ø12 X 2.00 X 103,,,no_po_line,,
schedule,811,IST2602-220122-2MR,DF3,,,no_po_line,,
schedule,812,IST3201-220122-2BT,D09,,,no_po_line,,
schedule,813,IST2602-220122-2MR,DZ0,,,no_po_line,,
schedule,814,IST4801-220122-2MR,STKM-550 28.6 X 1.20 X 1497,,,no_po_line,,
schedule,815,IST4801-220122-2MR,R40,,,no_po_line,,
schedule,816,IST3201-220122-2BT,R24,,,no_po_line,,
schedule,817,IST3402-220122-2MR,VE87,,,no_po_line,,
schedule,818,IST3402-220122-2MR,SS05,,,no_po_line,,
schedule,819,IST2602-220122-2MR,R28,,,no_po_line,,
schedule,820,IST2702-220122-2MR,STKM-13AC 15.9 X 1.4 X 535.0,,,no_po_line,,
schedule,821,IST2602-220122-2MR,D01,,,no_po_line,,
schedule,822,IST2702-220122-2MR,BK2,,,no_po_line,,
schedule,823,IST2602-220122-2MR,B46,,,no_po_line,,
schedule,824,IST2702-220122-2MR,BK10,,,no_po_line,,
schedule,825,IST2602-220122-2MR,B44,,,no_po_line,,
schedule,826,IST2602-220122-2MR,C31,,,no_po_line,,
schedule,827,IST2602-220122-2MR,STKM 470 12.0 X 2.0 X 597,,,no_po_line,,
schedule,828,IST2702-220122-2MR,BK3,,,no_po_line,,
schedule,829,IST2702-220122-2MR,BK1,,,no_po_line,,
schedule,830,IST4801-220122-2MR,VT3,,,no_po_line,,
schedule,831,IST3201-220122-2BT,5X7,,,no_po_line,,
schedule,832,IST3402-220122-2MR,VG99,,,no_po_line,,
schedule,833,IST2602-220122-2MR,AJ7,,,no_po_line,,
schedule,834,IST3201-220122-2BT,B14,,,no_po_line,,
schedule,835,IST2602-220122-2MR,AJ8,,,no_po_line,,
schedule,836,IST2702-220100-2MR,BK5,,,no_po_line,,
schedule,837,IST2702-220100-2MR,PB5,,,no_po_line,,
schedule,838,IST4901-220100-2MR,PB6,,,no_po_line,,
schedule,839,IST4901-220100-2MR,STKM-13AC 19.1 X 1.6 X 438.0,,,no_po_line,,
schedule,840,IST4901-220100-2MR,STKM-11AC 19.1 X 1.2 X 249.0,,,no_po_line,,
schedule,201,PO-MRP002327,B73,,,no_po_line,,
schedule,203,PO-MRP002327,C13,,,no_po_line,,
schedule,841,IST2602-230123-2MR,DF4,,,no_po_line,,
schedule,842,IST3201-230123-2BT,D09,,,no_po_line,,
schedule,843,IST4901-230123-2MR,SP2,,,no_po_line,,
schedule,844,IST2702-230123-2MR,STKM-13AC 25.4 x 1.40 x 456.6,,,no_po_line,,
schedule,845,IST2702-230123-2MR,SP4,,,no_po_line,,
schedule,846,IST4801-230123-2MR,STKM-550 28.6 X 1.20 X 1497,,,no_po_line,,
schedule,847,IST2702-230123-2MR,STKM-13AC 19.1 X 1.6 X 438.0,,,no_po_line,,
schedule,848,IST2602-230123-2MR,D01,,,no_po_line,,
schedule,849,IST2702-230123-2MR,BK2,,,no_po_line,,
schedule,850,IST2702-230123-2MR,BK5,,,no_po_line,,
schedule,851,IST2602-230123-2MR,B44,,,no_po_line,,
schedule,852,IST3201-230123-2BT,STKM-470 Ø14 X 1.35 X 776,,,no_po_line,,
schedule,853,IST2602-230123-2MR,M43,,,no_po_line,,
schedule,854,IST2602-230123-2MR,VT3,,,no_po_line,,
schedule,855,IST3201-230123-2BT,5X7,,,no_po_line,,
schedule,856,IST3201-230123-2BT,B14,,,no_po_line,,
schedule,857,IST2702-230123-2MR,PB5,,,no_po_line,,
schedule,858,IST3402-230123-2MR,VG99,,,no_po_line,,
schedule,859,IST3201-230123-2BT,STKM-800 14.0 x 1.35 x 756.0,,,no_po_line,,
schedule,860,IST2602-230123-2MR,AJ7,,,no_po_line,,
schedule,861,IST2602-230123-2MR,AJ8,,,no_po_line,,
schedule,862,IST2602-230123-2MR,B74,,,no_po_line,,
schedule,863,IST2602-230123-2MR,B69,,,no_po_line,,
schedule,864,IST2602-230123-2MR,DF3,,,no_po_line,,
schedule,865,IST4801-230123-2MR,R40,,,no_po_line,,
schedule,866,IST2702-230123-2MR,BK4,,,no_po_line,,
schedule,867,IST3201-230123-2BT,B18,,,no_po_line,,
schedule,868,IST2702-240124-2MR,SP4,,,no_po_line,,
schedule,869,IST2702-240124-2MR,BK8,,,no_po_line,,
schedule,870,IST2702-240124-2MR,BK5,,,no_po_line,,
schedule,871,IST4801-240124-2MR,DY17,,,no_po_line,,
schedule,872,IST2602-240124-2MR,B57,,,no_po_line,,
schedule,873,IST3201-240124-2BT,C81,,,no_po_line,,
schedule,874,IST2602-240124-2MR,B74,,,no_po_line,,
schedule,875,IST3201-240124-2BT,5X7,,,no_po_line,,
schedule,876,IST4801-240124-2MR,C87,,,no_po_line,,
schedule,877,IST3201-240124-2BT,STKM-800 14.0 x 1.35 x 756.0,,,no_po_line,,
schedule,878,IST2602-240124-2MR,AJ7,,,no_po_line,,
schedule,879,IST2702-240124-2MR,BK1,,,no_po_line,,
schedule,880,IST2702-240124-2MR,BK0,,,no_po_line,,
schedule,881,IST2602-240124-2MR,D01,,,no_po_line,,
schedule,882,IST2602-240124-2MR,AO4,,,no_po_line,,
schedule,883,IST2602-240124-2MR,9J6,,,no_po_line,,
schedule,884,IST2602-240124-2MR,B46,,,no_po_line,,
schedule,885,IST2602-240124-2MR,B69,,,no_po_line,,
schedule,886,IST2702-260125-2MR,SP4,,,no_po_line,,
schedule,887,IST2702-260125-2MR,BK8,,,no_po_line,,
schedule,888,IST2702-260125-2MR,BK5,,,no_po_line,,
schedule,889,IST4801-260125-2MR,STKM-370G 25.4 x 1.6 x 136.3,,,no_po_line,,
schedule,890,IST2602-260125-2MR,B44,,,no_po_line,,
schedule,891,IST2602-260125-2MR,B57,,,no_po_line,,
schedule,892,IST2702-260125-2MR,FP9,,,no_po_line,,
schedule,893,IST2602-260125-2MR,VT3,,,no_po_line,,
schedule,894,IST3201-260125-2BT,5X7,,,no_po_line,,
schedule,895,IST2702-260125-2MR,STKM-11AC 12.0 x 0.8 x 900.0,,,no_po_line,,
schedule,896,IST4901-260125-2MR,SP7,,,no_po_line,,
schedule,897,IST4901-260125-2MR,PB9,,,no_po_line,,
schedule,898,IST2602-260125-2MR,AJ7,,,no_po_line,,
schedule,899,IST2702-260125-2MR,BK1,,,no_po_line,,
schedule,900,IST2702-260125-2MR,BK0,,,no_po_line,,
schedule,901,IST3201-260125-2BT,B14,,,no_po_line,,
schedule,902,IST3201-260125-2BT,B13,,,no_po_line,,
schedule,903,IST3201-260125-2BT,VT5,,,no_po_line,,
schedule,904,IST2702-260125-2MR,9O9,,,no_po_line,,
schedule,905,IST2702-260125-2MR,STKM-13AC 25.4 x 1.40 x 456.6,,,no_po_line,,
schedule,906,IST3201-260125-2BT,B15,,,no_po_line,,
schedule,907,IST3201-260125-2BT,B18,,,no_po_line,,
schedule,908,IST3402-260125-2MR,VG87,,,no_po_line,,
schedule,909,IST3402-260125-2MR,VG07,,,no_po_line,,
schedule,910,IST3201-260100-2BT,B13,,,no_po_line,,
schedule,911,IST3201-260100-2BT,B15,,,no_po_line,,
schedule,912,IST3201-260100-2BT,VT5,,,no_po_line,,
schedule,913,IST2702-260100-2MR,BK4,,,no_po_line,,
schedule,914,IST4901-260100-2MR,STKM-11AC 19.1 X 1.2 X 2197.5,,,no_po_line,,
schedule,915,IST3402-270126-2MR,VG62,,,no_po_line,,
schedule,916,IST2602-270126-2MR,DF3,,,no_po_line,,
schedule,917,IST3201-270126-2BT,D09,,,no_po_line,,
schedule,918,IST3402-270126-2MR,VA65,,,no_po_line,,
schedule,919,IST2702-270126-2MR,SP4,,,no_po_line,,
schedule,920,IST2602-270126-2MR,STKM-550 28.6 X 1.20 X 1497,,,no_po_line,,
schedule,921,IST2602-270126-2MR,R40,,,no_po_line,,
schedule,923,IST2702-270126-2MR,BK8,,,no_po_line,,
schedule,924,IST2702-270126-2MR,BK10,,,no_po_line,,
schedule,925,IST2702-270126-2MR,BK5,,,no_po_line,,
schedule,926,IST2602-270126-2MR,B69,,,no_po_line,,
schedule,928,IST3201-270126-2BT,C99,,,no_po_line,,
schedule,929,IST2602-270126-2MR,C31,,,no_po_line,,
schedule,930,IST3201-270126-2BT,C72,,,no_po_line,,
schedule,931,IST3201-270126-2BT,STKM-470 Ø14 X 1.35 X 776,,,no_po_line,,
schedule,932,IST2602-270126-2MR,STKM 470 12.0 X 2.0 X 597,,,no_po_line,,
schedule,933,IST2602-270126-2MR,B46,,,no_po_line,,
schedule,934,IST3201-270126-2BT,5X7,,,no_po_line,,
schedule,935,IST3201-270126-2BT,B15,,,no_po_line,,
schedule,936,IST3402-270126-2MR,VG99,,,no_po_line,,
schedule,937,IST2702-270126-2MR,BK0,,,no_po_line,,
schedule,938,IST2702-270126-2MR,BK1,,,no_po_line,,
schedule,939,IST2602-270126-2MR,AJ7,,,no_po_line,,
schedule,940,IST2602-270126-2MR,AJ8,,,no_po_line,,
schedule,941,IST2702-270100-2MR,BK4,,,no_po_line,,
schedule,671,IST7802-280117-2MR,B69,,,no_po_line,,
schedule,672,IST7802-280117-2MR,DF4,,,no_po_line,,
schedule,673,IST7802-280117-2MR,DF3,,,no_po_line,,
schedule,674,IST7802-280117-2MR,DZ0,,,no_po_line,,
schedule,691,IST7802-280117-2MR,C31,,,no_po_line,,
schedule,922,IST4801-270126-2MR,B47,,,no_po_line,,
schedule,927,IST4801-270126-2MR,C87,,,no_po_line,,
schedule,942,IST7702-280127-2MR,PB1,,,no_po_line,,
schedule,943,IST7802-280127-2MR,9J6,,,no_po_line,,
schedule,944,IST7702-280127-2MR,9O9,,,no_po_line,,
schedule,945,IST3402-280127-2MR,VG99,,,no_po_line,,
schedule,946,IST3402-280127-2MR,VD43,,,no_po_line,,
schedule,947,IST7802-280127-2MR,DF4,,,no_po_line,,
schedule,948,IST3201-280127-2BT,D09,,,no_po_line,,
schedule,949,IST3201-280127-2BT,D10,,,no_po_line,,
schedule,950,IST3402-280127-2MR,VA65,,,no_po_line,,
schedule,951,IST7802-280127-2MR,STKM-550 28.6 X 1.20 X 1497,,,no_po_line,,
schedule,952,IST7802-280127-2MR,R40,,,no_po_line,,
schedule,953,IST3201-280127-2BT,R24,,,no_po_line,,
schedule,954,IST3402-280127-2MR,VD64,,,no_po_line,,
schedule,955,IST3402-280127-2MR,VG62,,,no_po_line,,
schedule,956,IST7702-280127-2MR,STKM-13AC 25.4 X 2.0 X 1680.0,,,no_po_line,,
schedule,957,IST7702-280127-2MR,BK2,,,no_po_line,,
schedule,958,IST7702-280127-2MR,BK10,,,no_po_line,,
schedule,959,IST7702-280127-2MR,BK4,,,no_po_line,,
schedule,960,IST7702-280127-2MR,BK5,,,no_po_line,,
schedule,961,IST3201-280127-2BT,C72,,,no_po_line,,
schedule,962,IST7802-280127-2MR,M43,,,no_po_line,,
schedule,963,IST7702-280127-2MR,STKM-11AC 12.0 x 0.8 x 900.0,,,no_po_line,,
schedule,964,IST3201-280127-2BT,B16,,,no_po_line,,
schedule,965,IST3201-280127-2BT,B13,,,no_po_line,,
schedule,966,IST7702-280127-2MR,BK3,,,no_po_line,,
schedule,967,IST3201-280127-2BT,C99,,,no_po_line,,
schedule,968,IST7802-290128-2MR,DF4,,,no_po_line,,
schedule,969,IST3201-290128-2BT,D09,,,no_po_line,,
schedule,970,IST3201-290128-2BT,D10,,,no_po_line,,
schedule,971,IST7802-290128-2MR,DZ0,,,no_po_line,,
schedule,972,IST4801-290128-2MR,B47,,,no_po_line,,
schedule,973,IST7802-290128-2MR,C75,,,no_po_line,,
schedule,974,IST4901-290128-2MR,STKM-11AC 19.1 X 1.2 X 2197.5,,,no_po_line,,
schedule,975,IST7702-290128-2MR,BK2,,,no_po_line,,
schedule,976,IST7702-290128-2MR,BK10,,,no_po_line,,
schedule,977,IST4801-290128-2MR,DY17,,,no_po_line,,
schedule,978,IST3201-290128-2BT,STKM-470 Ø14 X 1.35 X 776,,,no_po_line,,
schedule,979,IST7802-290128-2MR,B46,,,no_po_line,,
schedule,980,IST3201-290128-2BT,B16,,,no_po_line,,
schedule,981,IST3201-290128-2BT,B13,,,no_po_line,,
schedule,982,IST7702-290128-2MR,BK3,,,no_po_line,,
schedule,983,IST7702-290128-2MR,BK1,,,no_po_line,,
schedule,984,IST3402-290128-2MR,VE87,,,no_po_line,,
schedule,985,IST3201-290128-2BT,STKM-600 Ø12 X 2.00 X 103,,,no_po_line,,
schedule,986,IST4901-290128-2MR,HP8,,,no_po_line,,
schedule,987,IST3402-290128-2MR,VD64,,,no_po_line,,
schedule,988,IST7702-290128-2MR,STKM-13AC 15.9 X 1.4 X 558.0,,,no_po_line,,
schedule,989,IST7702-290128-2MR,PB3,,,no_po_line,,
schedule,990,IST3402-290128-2MR,VG07,,,no_po_line,,
schedule,991,IST3402-290128-2MR,VG67,,,no_po_line,,
schedule,992,IST3402-290128-2MR,VG87,,,no_po_line,,
schedule,993,IST3201-300129-2BT,STKM-600 Ø12 X 2.00 X 103,,,no_po_line,,
schedule,994,IST7802-300129-2MR,DF3,,,no_po_line,,
schedule,995,IST4701-300130-2MR,VG99,,,no_po_line,,
schedule,996,IST3402-300129-2MR,VE87,,,no_po_line,,
schedule,997,IST7802-300129-2MR,STKM 470 12.0 X 2.0 X 597,,,no_po_line,,
schedule,998,IST7702-300100-2MR,STKM-13AC 25.4 X 2.0 X 1680.0,,,no_po_line,,
schedule,999,IST7802-310100-2MR,AJ7,,,no_po_line,,
schedule,1000,IST7802-310100-2MR,AJ8,,,no_po_line,,
schedule,220,PO-MRP002389,BL32,,,no_po_line,,
schedule,221,PO-MRP002389,BL40,,,no_po_line,,
schedule,222,PO-MRP002389,BL45,,,no_po_line,,
schedule,223,PO-MRP002389,BL50,,,no_po_line,,
schedule,225,PO-MRP002389,BL60,,,no_po_line,,
schedule,227,PO-MRP002389,BL70,,,no_po_line,,
schedule,228,PO-MRP002389,BR45,,,no_po_line,,
schedule,229,PO-MRP002389,BR50,,,no_po_line,,
schedule,230,PO-MRP002389,BR60,,,no_po_line,,
schedule,232,PO-MRP002389,R70 WIRE SWM-B Ø7.0 mm CARRER,,,no_po_line,,
schedule,245,PO-MRP002391,BR50,,,no_po_line,,
schedule,246,PO-MRP002391,BR60,,,no_po_line,,
schedule,248,PO-MRP002385,SR40,,,no_po_line,,
schedule,249,PO-MRP002385,CR38,,,no_po_line,,
schedule,251,PO-MRP002385,SR38,,,no_po_line,,
schedule,253,PO-MRP002385,SR45,,,no_po_line,,
schedule,255,PO-MRP002385,SR60,,,no_po_line,,
schedule,258,PO-MRP002385,SR50,,,no_po_line,,
schedule,259,PO-MRP002385,SR23,,,no_po_line,,
schedule,260,PO-MRP002386,SL32,,,no_po_line,,
schedule,261,PO-MRP002386,SL38,,,no_po_line,,
schedule,262,PO-MRP002386,SL40,,,no_po_line,,
schedule,263,PO-MRP002386,SL45,,,no_po_line,,
schedule,264,PO-MRP002388,SB1,,,no_po_line,,
schedule,265,PO-MRP002388,SB5,,,no_po_line,,
schedule,266,PO-MRP002388,SB9,,,no_po_line,,
schedule,267,PO-MRP002388,SB6,,,no_po_line,,
schedule,268,PO-MRP002407,B61,,,no_po_line,,
schedule,270,PO-MRP002407,B73,,,no_po_line,,
schedule,273,PO-MRP002407,C13,,,no_po_line,,
schedule,276,PO-MRP002407,C69,,,no_po_line,,
schedule,278,PO-MRP002407,M69,,,no_po_line,,
schedule,281,PO-MRP002407,VT1,,,no_po_line,,
schedule,283,PO-MRP002407,VT8,,,no_po_line,,
schedule,286,PO-MRP002408,DT18,,,no_po_line,,
schedule,290,PO-MRP002408,DT17,,,no_po_line,,
schedule,295,PO-MRP002408,DT77,,,no_po_line,,
schedule,298,PO-MRP002389,BR50,,,no_po_line,,
schedule,301,PO-MRP002407,B61,,,no_po_line,,
schedule,302,PO-MRP002407,B73,,,no_po_line,,
schedule,303,PO-MRP002407,C13,,,no_po_line,,
schedule,304,PO-MRP002389,BL50,,,no_po_line,,
schedule,307,PO-MRP002385,SR23,,,no_po_line,,
schedule,308,PO-MRP002385,CR38,,,no_po_line,,
schedule,309,PO-MRP002385,SR38,,,no_po_line,,
schedule,310,PO-MRP002385,SR60,,,no_po_line,,
schedule,311,PO-MRP002385,SR40,,,no_po_line,,
schedule,312,PO-MRP002386,SL38,,,no_po_line,,
schedule,313,PO-MRP002386,SL32,,,no_po_line,,
schedule,314,PO-MRP002386,SL40,,,no_po_line,,
schedule,1002,PO-MRP002391,BR50,,,no_po_line,,
schedule,1003,PO-MRP002391,BR60,,,no_po_line,,
schedule,1004,PO-MRP002408,DT18,,,no_po_line,,
schedule,1005,PO-MRP002408,DT17,,,no_po_line,,
schedule,1006,PO-MRP002385,SR23,,,no_po_line,,
schedule,1008,PO-MRP002407,VT8,,,no_po_line,,
schedule,1015,PO-MRP002408,DT77,,,no_po_line,,
schedule,1017,PO-MRP002385,SR60,,,no_po_line,,
schedule,1018,PO-MRP002385,SR38,,,no_po_line,,
schedule,1021,PO-MRP002385,SR38,,,no_po_line,,
schedule,1088,PO-MRP002408,DT18,,,no_po_line,,
schedule,1108,PO-MRP002408,DT18,,,no_po_line,,
schedule,1117,PO-MRP002408,DT18,,,no_po_line,,
schedule,224,PO-MRP002389,BL50,,,no_po_line,,
schedule,226,PO-MRP002389,BL60,,,no_po_line,,
schedule,231,PO-MRP002389,BR60,,,no_po_line,,
schedule,250,PO-MRP002385,CR38,,,no_po_line,,
schedule,252,PO-MRP002385,SR38,,,no_po_line,,
schedule,254,PO-MRP002385,SR45,,,no_po_line,,
schedule,256,PO-MRP002385,SR60,,,no_po_line,,
schedule,269,PO-MRP002407,B61,,,no_po_line,,
schedule,271,PO-MRP002407,B73,,,no_po_line,,
schedule,274,PO-MRP002407,C13,,,no_po_line,,
schedule,277,PO-MRP002407,C69,,,no_po_line,,
schedule,279,PO-MRP002407,M69,,,no_po_line,,
schedule,282,PO-MRP002407,VT1,,,no_po_line,,
schedule,284,PO-MRP002407,VT8,,,no_po_line,,
schedule,287,PO-MRP002408,DT18,,,no_po_line,,
schedule,291,PO-MRP002408,DT17,,,no_po_line,,
schedule,296,PO-MRP002408,DT77,,,no_po_line,,
schedule,300,PO-MRP002389,BR60,,,no_po_line,,
schedule,1010,PO-MRP002407,B73,,,no_po_line,,
schedule,1013,PO-MRP002407,B61,,,no_po_line,,
schedule,1016,PO-MRP002408,DT17,,,no_po_line,,
schedule,1019,PO-MRP002385,SR60,,,no_po_line,,
schedule,1020,PO-MRP002385,CR38,,,no_po_line,,
schedule,1089,PO-MRP002407,B61,,,no_po_line,,
schedule,1092,PO-MRP002407,B61,,,no_po_line,,
schedule,1096,PO-MRP002407,B73,,,no_po_line,,
schedule,1099,PO-MRP002408,DT18,,,no_po_line,,
schedule,1126,PO-MRP002407,B61,,,no_po_line,,
schedule,1127,PO-MRP002407,B73,,,no_po_line,,
schedule,208,PO-MRP002387,BR10,,,no_po_line,,
schedule,210,PO-MRP002387,BR40,,,no_po_line,,
schedule,211,PO-MRP002387,BR45,,,no_po_line,,
schedule,212,PO-MRP002387,BR50,,,no_po_line,,
schedule,214,PO-MRP002387,BR60,,,no_po_line,,
schedule,217,PO-MRP002387,BR70,,,no_po_line,,
schedule,218,PO-MRP002387,BR80,,,no_po_line,,
schedule,219,PO-MRP002387,BR35,,,no_po_line,,
schedule,247,PO-MRP002385,SR20,,,no_po_line,,
schedule,257,PO-MRP002385,SR65,,,no_po_line,,
schedule,1022,PO-MRP002387,BR80,,,no_po_line,,
schedule,272,PO-MRP002407,B73,,,no_po_line,,
schedule,275,PO-MRP002407,C13,,,no_po_line,,
schedule,280,PO-MRP002407,M69,,,no_po_line,,
schedule,285,PO-MRP002407,VT8,,,no_po_line,,
schedule,288,PO-MRP002408,DT18,,,no_po_line,,
schedule,292,PO-MRP002408,DT17,,,no_po_line,,
schedule,1124,PO-MRP002407,B73,,,no_po_line,,
schedule,1024,PO-INIT-001,TEST-KB-001,,,no_po_line,,
schedule,1025,PO-REPLENISH-001,TEST-KB-001,,,no_po_line,,
schedule,1026,PO-INIT-20260207135200,TEST-KB-20260207135200,,,no_po_line,,
schedule,1027,PO-REPLENISH-20260207135200,TEST-KB-20260207135200,,,no_po_line,,
schedule,1028,PO-INIT-20260207135643,TEST-KB-20260207135643,,,no_po_line,,
schedule,1029,PO-REPLENISH-20260207135643,TEST-KB-20260207135643,,,no_po_line,,
schedule,209,PO-MRP002387,BR10,,,no_po_line,,
schedule,213,PO-MRP002387,BR50,,,no_po_line,,
schedule,215,PO-MRP002387,BR60,,,no_po_line,,
schedule,233,PO-MRP002390,R20 WIRE SWM-B Ø2.0 mm Coil,,,no_po_line,,
schedule,234,PO-MRP002390,R40,,,no_po_line,,
schedule,235,PO-MRP002390,BR45,,,no_po_line,,
schedule,237,PO-MRP002390,BR50,,,no_po_line,,
schedule,240,PO-MRP002390,BR60,,,no_po_line,,
schedule,243,PO-MRP002390,BR70,,,no_po_line,,
schedule,244,PO-MRP002390,BR10,,,no_po_line,,
schedule,289,PO-MRP002408,DT18,,,no_po_line,,
schedule,293,PO-MRP002408,DT17,,,no_po_line,,
schedule,1087,PO-MRP002390,BR10,,,no_po_line,,
schedule,1091,PO-MRP002390,BR10,,,no_po_line,,
schedule,1093,PO-MRP002390,R40,,,no_po_line,,
schedule,1094,PO-MRP002390,BR10,,,no_po_line,,
schedule,1095,PO-MRP002390,R40,,,no_po_line,,
schedule,1105,PO-MRP002390,BR10,,,no_po_line,,
schedule,1106,PO-MRP002390,BR10,,,no_po_line,,
schedule,216,PO-MRP002387,BR60,,,no_po_line,,
schedule,236,PO-MRP002390,BR45,,,no_po_line,,
schedule,238,PO-MRP002390,BR50,,,no_po_line,,
schedule,241,PO-MRP002390,BR60,,,no_po_line,,
schedule,294,PO-MRP002408,DT17,,,no_po_line,,
schedule,1100,PO-MRP002390,BR60,,,no_po_line,,
schedule,1101,PO-MRP002390,BR60,,,no_po_line,,
schedule,1102,PO-MRP002390,BR60,,,no_po_line,,
schedule,1120,PO-MRP002390,BR50,,,no_po_line,,
schedule,239,PO-MRP002390,BR50,,,no_po_line,,
schedule,242,PO-MRP002390,BR60,,,no_po_line,,
schedule,1079,PO-MRP002499,DT17,,,no_po_line,,
schedule,1084,PO-MRP002499,DT77,,,no_po_line,,
schedule,1057,PO-MRP002539,BR40,,,no_po_line,,
schedule,1058,PO-MRP002539,BR45,,,no_po_line,,
schedule,1059,PO-MRP002539,BR50,,,no_po_line,,
schedule,1060,PO-MRP002539,BR60,,,no_po_line,,
schedule,1061,PO-MRP002539,BR70,,,no_po_line,,
schedule,1062,PO-MRP002539,BR10,,,no_po_line,,
schedule,1063,PO-MRP002540,BR50,,,no_po_line,,
schedule,1064,PO-MRP002540,BR60,,,no_po_line,,
schedule,1075,PO-MRP002496,VT1,,,no_po_line,,
schedule,1107,PO-MRP002539,BR45,,,no_po_line,,
schedule,1118,PO-MRP002540,BR60,,,no_po_line,,
schedule,1125,PO-MRP002496,VT1,,,no_po_line,,
schedule,1130,PO-MRP002539,BR70,,,no_po_line,,
schedule,1131,PO-MRP002539,BR60,,,no_po_line,,
schedule,1066,PO-MRP002496,B61,,,no_po_line,,
schedule,1068,PO-MRP002496,B73,,,no_po_line,,
schedule,1071,PO-MRP002496,C69,,,no_po_line,,
schedule,1073,PO-MRP002496,M69,,,no_po_line,,
schedule,1076,PO-MRP002496,VT8,,,no_po_line,,
schedule,1103,PO-MRP002496,M69,,,no_po_line,,
schedule,1129,PO-MRP002496,M69,,,no_po_line,,
schedule,1049,PO-MRP002541,BR40,,,no_po_line,,
schedule,1050,PO-MRP002541,BR45,,,no_po_line,,
schedule,1051,PO-MRP002541,BR50,,,no_po_line,,
schedule,1053,PO-MRP002541,BR60,,,no_po_line,,
schedule,1055,PO-MRP002541,BR70,,,no_po_line,,
schedule,1056,PO-MRP002541,BR80,,,no_po_line,,
schedule,1065,PO-MRP002540,BR60,,,no_po_line,,
schedule,1067,PO-MRP002496,B61,,,no_po_line,,
schedule,1069,PO-MRP002496,B73,,,no_po_line,,
schedule,1072,PO-MRP002496,C69,,,no_po_line,,
schedule,1074,PO-MRP002496,M69,,,no_po_line,,
schedule,1077,PO-MRP002496,VT8,,,no_po_line,,
schedule,1080,PO-MRP002499,DT17,,,no_po_line,,
schedule,1085,PO-MRP002499,DT77,,,no_po_line,,
schedule,1098,PO-MRP002541,BR50,,,no_po_line,,
schedule,1109,PO-MRP002541,BR60,,,no_po_line,,
schedule,1110,PO-MRP002541,BR60,,,no_po_line,,
schedule,1111,PO-MRP002541,BR50,,,no_po_line,,
schedule,1112,PO-MRP002541,BR50,,,no_po_line,,
schedule,1113,PO-MRP002541,BR60,,,no_po_line,,
schedule,1119,PO-MRP002496,VT8,,,no_po_line,,
schedule,1121,PO-MRP002541,BR50,,,no_po_line,,
schedule,1122,PO-MRP002541,BR50,,,no_po_line,,
schedule,1132,PO-MRP002541,BR60,,,no_po_line,,
schedule,1048,PO-MRP002541,BR10,,,no_po_line,,
schedule,1052,PO-MRP002541,BR50,,,no_po_line,,
schedule,1054,PO-MRP002541,BR60,,,no_po_line,,
schedule,1070,PO-MRP002496,B73,,,no_po_line,,
schedule,1078,PO-MRP002496,VT8,,,no_po_line,,
schedule,1081,PO-MRP002499,DT17,,,no_po_line,,
schedule,1083,PO-MRP002499,DT18,,,no_po_line,,
schedule,1086,PO-MRP002499,DT77,,,no_po_line,,
schedule,1128,PO-MRP002496,B73,,,no_po_line,,
schedule,1082,PO-MRP002499,DT17,,,no_po_line,,