schedule_id,po_number,item_original,item_code,match_source
132,PO-MRP002301,BR40 WIRE SWM-B Ø4.0 mm CARRER,BR40,code_token
133,PO-MRP002301,BR45 WIRE SWM-B Ø4.5 mm CARRER,BR45,code_token
134,PO-MRP002301,BR45 WIRE SWM-B Ø4.5 mm CARRER,BR45,code_token
135,PO-MRP002301,BR50 WIRE SWM-B Ø5.0 mm CARRER,BR50,code_token
136,PO-MRP002301,BR50 WIRE SWM-B Ø5.0 mm CARRER,BR50,code_token
137,PO-MRP002301,BR60 WIRE SWM-B Ø 6.0 mm CARRER,BR60,code_token
138,PO-MRP002301,BR60 WIRE SWM-B Ø 6.0 mm CARRER,BR60,code_token
139,PO-MRP002301,BR60 WIRE SWM-B Ø 6.0 mm CARRER,BR60,code_token
140,PO-MRP002301,BR60 WIRE SWM-B Ø 6.0 mm CARRER,BR60,code_token
141,PO-MRP002301,BR70 WIRE SWM-B Ø7.0 mm CARRER,BR70,code_token
142,PO-MRP002301,BR70 WIRE SWM-B Ø7.0 mm CARRER,BR70,code_token
143,PO-MRP002301,BR80 WIRE SWM-B Ø8.0 mm CARRER,BR80,code_token
144,PO-MRP002302,BL32 WIRE SWM-B Ø3.2 mm COIL,BL32,code_token
145,PO-MRP002302,BL40 WIRE SWM-B Ø4.0 mm COIL,BL40,code_token
146,PO-MRP002302,BL50 WIRE SWM-B Ø 5.0 mm COIL,BL50,code_token
147,PO-MRP002302,BL60 WIRE SWM-B Ø6.0 mm COIL,BL60,code_token
148,PO-MRP002302,BR45 WIRE SWM-B Ø4.5 mm CARRER,BR45,code_token
149,PO-MRP002283,"SR40 WIRE SWB Ø4,0 mm CARRER",SR40,code_token
151,PO-MRP002283,CR38 WIRE SWC Ø3.8 mm CARRER,CR38,code_token
152,PO-MRP002283,CR38 WIRE SWC Ø3.8 mm CARRER,CR38,code_token
153,PO-MRP002283,SR38 WIRE SWB Ø3.8 mm CARRER,SR38,code_token
154,PO-MRP002283,SR38 WIRE SWB Ø3.8 mm CARRER,SR38,code_token
155,PO-MRP002283,SR38 WIRE SWB Ø3.8 mm CARRER,SR38,code_token
156,PO-MRP002283,SR60 WIRE SWB Ø6.0 mm CARRER,SR60,code_token
157,PO-MRP002283,SR65 WIRE SWB Ø6.5 mm CARRER,SR65,code_token
158,PO-MRP002283,SR50 WIRE SWB Ø5.0 mm CARER,SR50,code_token
159,PO-MRP002283,SR23 WIRE SWB Ø2.3 mm CARRER,SR23,code_token
160,PO-MRP002283,SR23 WIRE SWB Ø2.3 mm CARRER,SR23,code_token
161,PO-MRP002283,SR23 WIRE SWB Ø2.3 mm CARRER,SR23,code_token
162,PO-MRP002284,SL32 WIRE SWB Ø3.2 mm COIL,SL32,code_token
163,PO-MRP002284,SL38 WIRE SWB Ø3.8 mm COIL,SL38,code_token
164,PO-MRP002284,SL40 WIRE SWB Ø4.0 mm COIL,SL40,code_token
165,PO-MRP002284,SL45 WIRE SWB Ø4.5 mm COIL,SL45,code_token
166,PO-MRP002284,SR20 WIRE SWB Ø2.0 mm CARRER,SR20,code_token
167,PO-MRP002284,SR20 WIRE SWB Ø2.0 mm CARRER,SR20,code_token
168,PO-MRP002299,BR40 WIRE SWM-B Ø4.0 mm CARRER,BR40,code_token
169,PO-MRP002299,BR50 WIRE SWM-B Ø5.0 mm CARRER,BR50,code_token
170,PO-MRP002299,BR60 WIRE SWM-B Ø6.0 mm CARRER,BR60,code_token
171,PO-MRP002299,BR70 WIRE SWM-B Ø7.0 mm CARRER,BR70,code_token
172,PO-MRP002300,BR50 WIRE SWM-B Ø5.0 mm CARRER,BR50,code_token
173,PO-MRP002300,BR50 WIRE SWM-B Ø5.0 mm CARRER,BR50,code_token
174,PO-MRP002300,BR60 WIRE SWM-B Ø6.0 mm CARRER,BR60,code_token
175,PO-MRP002300,BR60 WIRE SWM-B Ø6.0 mm CARRER,BR60,code_token
176,PO-MRP002300,BR60 WIRE SWM-B Ø6.0 mm CARRER,BR60,code_token
177,PO-MRP002186,STKM-370G D25.4X1.6X569.5,B61,name_fuzzy
178,PO-MRP002186,STKM-370G D25.4X1.6X569.5,B61,name_fuzzy
179,PO-MRP002186,STKM-370G D25.4X1.2X607.5,B73,name_fuzzy
180,PO-MRP002186,STKM-370G D25.4X1.2X607.5,B73,name_fuzzy
181,PO-MRP002186,STKM-370G D25.4X1.2X607.5,B73,name_fuzzy
182,PO-MRP002186,STKM-370G D22.2X1.6X757,C13,name_fuzzy
183,PO-MRP002186,STKM-370G D22.2X1.6X757,C13,name_fuzzy
184,PO-MRP002186,STKM-370G D22.2X1.6X757,C13,name_fuzzy
185,PO-MRP002186,STKM-370G D22.2X1.6X757,C13,name_fuzzy
186,PO-MRP002186,STKM-370G D25.4X1.6X681,C69,name_fuzzy
187,PO-MRP002186,STKM-370G D25.4X1.6X681,C69,name_fuzzy
188,PO-MRP002186,STKM-370G D22.2X1.6X733,VT8,name_fuzzy
189,PO-MRP002186,STKM-370G D22.2X1.6X733,VT8,name_fuzzy
190,PO-MRP002186,STKM-370G D22.2X1.6X733,VT8,name_fuzzy
191,PO-MRP002186,STKM-370G D22.2X1.6X733,VT8,name_fuzzy
198,PO-MRP002327,STKM-370G D25.4X1.6X569.5,B61,name_fuzzy
199,PO-MRP002327,STKM-370G D25.4X1.2X607.5,B73,name_fuzzy
200,PO-MRP002327,STKM-370G D25.4X1.2X607.5,B73,name_fuzzy
201,PO-MRP002327,STKM-370G D25.4X1.2X607.5,B73,name_fuzzy
202,PO-MRP002327,STKM-370G D22.2X1.6X757,C13,name_fuzzy
203,PO-MRP002327,STKM-370G D22.2X1.6X757,C13,name_fuzzy
204,PO-MRP002327,STKM-370G D25.4X1.6X681,C69,name_fuzzy
205,PO-MRP002327,STKM-370G D22.2X1.6X733,VT8,name_fuzzy
208,PO-MRP002387,BR10 WIRE SWM-B Ø10 mm CARRER,BR10,code_token
209,PO-MRP002387,BR10 WIRE SWM-B Ø10 mm CARRER,BR10,code_token
210,PO-MRP002387,BR40 WIRE SWM-B Ø4.0 mm CARRER,BR40,code_token
211,PO-MRP002387,BR45 WIRE SWM-B Ø4.5 mm CARRER,BR45,code_token
212,PO-MRP002387,BR50 WIRE SWM-B Ø5.0 mm CARRER,BR50,code_token
213,PO-MRP002387,BR50 WIRE SWM-B Ø5.0 mm CARRER,BR50,code_token
214,PO-MRP002387,BR60 WIRE SWM-B Ø 6.0 mm CARRER,BR60,code_token
215,PO-MRP002387,BR60 WIRE SWM-B Ø 6.0 mm CARRER,BR60,code_token
216,PO-MRP002387,BR60 WIRE SWM-B Ø 6.0 mm CARRER,BR60,code_token
217,PO-MRP002387,BR70 WIRE SWM-B Ø7.0 mm CARRER,BR70,code_token
218,PO-MRP002387,BR80 WIRE SWM-B Ø8.0 mm CARRER,BR80,code_token
219,PO-MRP002387,BR35 WIRE SWM-B Ø3.5 mm CARRER,BR35,code_token
220,PO-MRP002389,BL32 WIRE SWM-B Ø3.2 mm COIL,BL32,code_token
221,PO-MRP002389,BL40 WIRE SWM-B Ø4.0 mm COIL,BL40,code_token
222,PO-MRP002389,BL45 WIRE SWM-B Ø4.5 mm COIL,BL45,code_token
223,PO-MRP002389,BL50 WIRE SWM-B Ø 5.0 mm COIL,BL50,code_token
224,PO-MRP002389,BL50 WIRE SWM-B Ø 5.0 mm COIL,BL50,code_token
225,PO-MRP002389,BL60 WIRE SWM-B Ø6.0 mm COIL,BL60,code_token
226,PO-MRP002389,BL60 WIRE SWM-B Ø6.0 mm COIL,BL60,code_token
227,PO-MRP002389,BL70 WIRE SWM-B Ø7.0 mm COIL,BL70,code_token
228,PO-MRP002389,BR45 WIRE SWM-B Ø4.5 mm CARRER,BR45,code_token
229,PO-MRP002389,BR50 WIRE SWM-B Ø5.0 mm CARRER,BR50,code_token
230,PO-MRP002389,BR60 WIRE SWM-B Ø6.0 mm CARRER,BR60,code_token
231,PO-MRP002389,BR60 WIRE SWM-B Ø6.0 mm CARRER,BR60,code_token
234,PO-MRP002390,R40 WIRE SWM-B Ø4.0 mm CARRER,R40,code_token
235,PO-MRP002390,BR45 WIRE SWM-B Ø4.5 mm CARRER,BR45,code_token
236,PO-MRP002390,BR45 WIRE SWM-B Ø4.5 mm CARRER,BR45,code_token
237,PO-MRP002390,BR50 WIRE SWM-B Ø5.0 mm CARRER,BR50,code_token
238,PO-MRP002390,BR50 WIRE SWM-B Ø5.0 mm CARRER,BR50,code_token
239,PO-MRP002390,BR50 WIRE SWM-B Ø5.0 mm CARRER,BR50,code_token
240,PO-MRP002390,BR60 WIRE SWM-B Ø6.0 mm CARRER,BR60,code_token
241,PO-MRP002390,BR60 WIRE SWM-B Ø6.0 mm CARRER,BR60,code_token
242,PO-MRP002390,BR60 WIRE SWM-B Ø6.0 mm CARRER,BR60,code_token
243,PO-MRP002390,BR70 WIRE SWM-B Ø7.0 mm CARRER,BR70,code_token
244,PO-MRP002390,BR10 WIRE SWM-B Ø10.0 mm CARRER,BR10,code_token
245,PO-MRP002391,BR50 WIRE SWM-B Ø5.0 mm CARRER,BR50,code_token
246,PO-MRP002391,BR60 WIRE SWM-B Ø6.0 mm CARRER,BR60,code_token
247,PO-MRP002385,SR20 WIRE SWB Ø2.0 mm CARRER,SR20,code_token
248,PO-MRP002385,"SR40 WIRE SWB Ø4,0 mm CARRER",SR40,code_token
249,PO-MRP002385,CR38 WIRE SWC Ø3.8 mm CARRER,CR38,code_token
250,PO-MRP002385,CR38 WIRE SWC Ø3.8 mm CARRER,CR38,code_token
251,PO-MRP002385,SR38 WIRE SWB Ø3.8 mm CARRER,SR38,code_token
252,PO-MRP002385,SR38 WIRE SWB Ø3.8 mm CARRER,SR38,code_token
253,PO-MRP002385,SR45 WIRE SWB Ø4.5 mm CARRER,SR45,code_token
254,PO-MRP002385,SR45 WIRE SWB Ø4.5 mm CARRER,SR45,code_token
255,PO-MRP002385,SR60 WIRE SWB Ø6.0 mm CARRER,SR60,code_token
256,PO-MRP002385,SR60 WIRE SWB Ø6.0 mm CARRER,SR60,code_token
257,PO-MRP002385,SR65 WIRE SWB Ø6.5 mm CARRER,SR65,code_token
258,PO-MRP002385,SR50 WIRE SWB Ø5.0 mm CARER,SR50,code_token
259,PO-MRP002385,SR23 WIRE SWB Ø2.3 mm CARRER,SR23,code_token
260,PO-MRP002386,SL32 WIRE SWB Ø3.2 mm COIL,SL32,code_token
261,PO-MRP002386,SL38 WIRE SWB Ø3.8 mm COIL,SL38,code_token
262,PO-MRP002386,SL40 WIRE SWB Ø4.0 mm COIL,SL40,code_token
263,PO-MRP002386,SL45 WIRE SWB Ø4.5 mm COIL,SL45,code_token
264,PO-MRP002388,SB1 SGD400 Ø8 x 183 mm,SB1,code_token
265,PO-MRP002388,SB5 SGD400 Ø8 x 239.5 mm,SB5,code_token
266,PO-MRP002388,SB9 SGD400 Ø9 x 431.8 mm,SB9,code_token
267,PO-MRP002388,"SB6 SGD400 Ø9 x 271,6 mm",SB6,code_token
268,PO-MRP002407,B61 STKM-370G D25.4 X 1.6 X 569.5,B61,code_token
269,PO-MRP002407,B61 STKM-370G D25.4 X 1.6 X 569.5,B61,code_token
270,PO-MRP002407,B73 STKM-370G D25.4 X 1.2 X 607.5,B73,code_token
271,PO-MRP002407,B73 STKM-370G D25.4 X 1.2 X 607.5,B73,code_token
272,PO-MRP002407,B73 STKM-370G D25.4 X 1.2 X 607.5,B73,code_token
273,PO-MRP002407,C13 STKM-370G D22.2 X 1.6 X 757,C13,code_token
274,PO-MRP002407,C13 STKM-370G D22.2 X 1.6 X 757,C13,code_token
275,PO-MRP002407,C13 STKM-370G D22.2 X 1.6 X 757,C13,code_token
276,PO-MRP002407,"C69 STKM-370G D25,4 X 1,6 X 681",C69,code_token
277,PO-MRP002407,"C69 STKM-370G D25,4 X 1,6 X 681",C69,code_token
278,PO-MRP002407,M69 STKM-370G D12.0 X 0.7 X 637,M69,code_token
279,PO-MRP002407,M69 STKM-370G D12.0 X 0.7 X 637,M69,code_token
280,PO-MRP002407,M69 STKM-370G D12.0 X 0.7 X 637,M69,code_token
281,PO-MRP002407,VT1 STKM-370G D25.4 X 1.2 X 1136,VT1,code_token
282,PO-MRP002407,VT1 STKM-370G D25.4 X 1.2 X 1136,VT1,code_token
283,PO-MRP002407,"VT8 STKM-370G D22,2 X 1,6 X 733",VT8,code_token
284,PO-MRP002407,"VT8 STKM-370G D22,2 X 1,6 X 733",VT8,code_token
285,PO-MRP002407,"VT8 STKM-370G D22,2 X 1,6 X 733",VT8,code_token
286,PO-MRP002408,DT18 STKM-11A Ø12 X 0.8 X 874,DT18,code_token
287,PO-MRP002408,DT18 STKM-11A Ø12 X 0.8 X 874,DT18,code_token
288,PO-MRP002408,DT18 STKM-11A Ø12 X 0.8 X 874,DT18,code_token
289,PO-MRP002408,DT18 STKM-11A Ø12 X 0.8 X 874,DT18,code_token
290,PO-MRP002408,DT17 STKM-13A D12 X 0.7 X 639,DT17,code_token
291,PO-MRP002408,DT17 STKM-13A D12 X 0.7 X 639,DT17,code_token
292,PO-MRP002408,DT17 STKM-13A D12 X 0.7 X 639,DT17,code_token
293,PO-MRP002408,DT17 STKM-13A D12 X 0.7 X 639,DT17,code_token
294,PO-MRP002408,DT17 STKM-13A D12 X 0.7 X 639,DT17,code_token
295,PO-MRP002408,"DT77 STKM-11A D12,0 X 0,8 X 766",DT77,code_token
296,PO-MRP002408,"DT77 STKM-11A D12,0 X 0,8 X 766",DT77,code_token
298,PO-MRP002389,BR50 WIRE SWM-B Ø5.0 mm CARRER,BR50,code_token
300,PO-MRP002389,BR60 WIRE SWM-B Ø6.0 mm CARRER,BR60,code_token
301,PO-MRP002407,B61 STKM-370G D25.4 X 1.6 X 569.5,B61,code_token
302,PO-MRP002407,B73 STKM-370G D25.4 X 1.2 X 607.5,B73,code_token
303,PO-MRP002407,C13 STKM-370G D22.2 X 1.6 X 757,C13,code_token
304,PO-MRP002389,BL50 WIRE SWM-B Ø 5.0 mm COIL,BL50,code_token
307,PO-MRP002385,SR23 WIRE SWB Ø2.3 mm CARRER,SR23,code_token
308,PO-MRP002385,CR38 WIRE SWC Ø3.8 mm CARRER,CR38,code_token
309,PO-MRP002385,SR38 WIRE SWB Ø3.8 mm CARRER,SR38,code_token
310,PO-MRP002385,SR60 WIRE SWB Ø6.0 mm CARRER,SR60,code_token
311,PO-MRP002385,"SR40 WIRE SWB Ø4,0 mm CARRER",SR40,code_token
312,PO-MRP002386,SL38 WIRE SWB Ø3.8 mm COIL,SL38,code_token
313,PO-MRP002386,SL32 WIRE SWB Ø3.2 mm COIL,SL32,code_token
314,PO-MRP002386,SL40 WIRE SWB Ø4.0 mm COIL,SL40,code_token
324,IST2601-020101-2MR,STKM-370G D25.4X1.2X1065,B56,name_fuzzy
325,IST2601-020101-2MR,STKM-370G D12X2.0X675.3,B65,name_fuzzy
326,IST2601-020101-2MR,STKM-370G D31.8X1.6X886,C31,name_fuzzy
327,IST2601-020101-2MR,STKM-370G D25.4X1.6X446.6,VT6,name_fuzzy
328,IST3201-020101-2BT,STKM-600  12.0 x 2.00 x 233.0,5X7,name
329,IST3201-020101-2BT,STKM-650  14.0 x 2.30 x 735.0,B13,name
332,IST2701-020101-2MR,STKM-13AC  8.0 x 1.00 x 516.0,FP9,name
333,IST3201-020101-2BT,STKM-650  12.0 x 2.00 x 762.0,FP8,name
334,IST3201-020101-2BT,STKM-650  12.0 x 2.00 x 1002.0,FP6,name
336,IST3201-020101-2BT,STKM-410G D12X2.0X952,C99,name_fuzzy
338,IST2601-030102-2MR,STKM-370 28.6 X 1.60 X 1115.5,DF3,name_fuzzy
343,IST3201-030102-2BT,STKM-650  12.0 x 2.00 x 1002.0,FP6,name
357,IST2601-050103-2MR,STKM-370G D25.4X1.2X1065,B56,name_fuzzy
359,IST2601-050103-2MR,STKM-370G D31.8X1.6X886,C31,name_fuzzy
360,IST2601-050103-2MR,STKM-370G D25.4X1.6X446.6,VT6,name_fuzzy
361,IST3201-050103-2BT,STKM-600  12.0 x 2.00 x 233.0,5X7,name
364,IST3201-050103-2BT,STKM-650  14.0 x 2.30 x 735.0,B13,name
368,IST2701-050103-2MR,STKM-13AC  8.0 x 1.00 x 516.0,FP9,name
369,IST2701-050103-2MR,STKM-13B  12.0 x 1.60 x 1018.0,FP0,name
375,IST3201-050103-2BT,STKM-410G D12X2.0X952,C99,name_fuzzy
381,IST2601-060104-2MR,STKM-370G D25.4 X 1.2 X 477.0,B47,name_fuzzy
386,IST2601-060104-2MR,STKM-370G D12.0X2.0X412,M43,name_fuzzy
394,IST2601-060105-2MR,STKM-370 28.6 X 1.60 X 1115.5,DF3,name_fuzzy
401,IST2601-060105-2MR,STKM-370G D25.4 X 1.2 X 446.5,B44,name_fuzzy
403,IST2601-060105-2MR,STKM-370G D25.4X1.6X446.6,VT6,name_fuzzy
404,IST3201-060105-2BT,STKM-600  12.0 x 2.00 x 1074.0,B16,name
406,IST2701-060105-2MR,STKM-13AC  8.0 x 1.00 x 516.0,FP9,name
407,IST2601-060105-2MR,STKM-550 28.6x1.2x445.6,AJ7,name_fuzzy
429,IST2601-070106-2MR,STKM-370G D25.4 X 1.2 X 446.5,B44,name_fuzzy
432,IST3201-070106-2BT,STKM-600  12.0 x 2.00 x 233.0,5X7,name
434,IST3201-070106-2BT,STKM-650  14.0 x 2.30 x 735.0,B13,name
447,IST2601-080107-2MR,STKM-370G D31.8X1.6X886,C31,name_fuzzy
449,IST2601-080107-2MR,STKM-370G D12X1.2X565,VT3,name_fuzzy
450,IST3201-080107-2BT,STKM-600  12.0 x 2.00 x 233.0,5X7,name
451,IST3201-080107-2BT,STKM-600  12.0 x 2.00 x 603.0,B15,name
453,IST3201-080107-2BT,STKM-650  14.0 x 2.30 x 735.0,B13,name
462,IST3201-090108-2BT,STKM-650 14.0 X 1.35 X 739.5,R26,name_fuzzy
463,IST2601-090108-2MR,STKM-370G D25.4 X 1.2 X 641.7,C75,name_fuzzy
465,IST2601-090108-2MR,STKM-370G D25.4 X 1.2 X 446.5,B44,name_fuzzy
466,IST2601-090108-2MR,STKM-370G D31.8X1.6X886,C31,name_fuzzy
468,IST2601-090108-2MR,STKM-370G D12X1.2X565,VT3,name_fuzzy
476,IST2701-090108-2MR,STKM-13AC  8.0 x 1.00 x 516.0,FP9,name
477,IST2601-090108-2MR,STKM-370G D12X2.0X675.3,B65,name_fuzzy
486,IST2601-090108-2MR,STKM-370 D22.2 X 2.0 X 417,DY17,name_fuzzy
487,IST3201-090108-2BT,STKM-600  12.0 x 2.00 x 233.0,5X7,name
488,IST3201-090108-2BT,STKM-600  12.0 x 2.00 x 603.0,B15,name
490,IST3201-090108-2BT,STKM-650  14.0 x 2.30 x 735.0,B13,name
495,IST2601-090109-2MR,STKM-370 28.6 X 1.60 X 1115.5,DF3,name_fuzzy
499,IST2601-090109-2MR,STKM-370G Ø25.4X1.2X204.3,VT2,name_fuzzy
503,IST2601-100110-2MR,STKM-370 28.6 X 1.60 X 1115.5,DF3,name_fuzzy
508,IST3201-120110-2BT,STKM-650 14.0 X 1.35 X 739.5,R26,name_fuzzy
511,IST2601-100110-2MR,STKM-370G D25.4X1.2X1065,B56,name_fuzzy
512,IST3201-100110-2BT,STKM-14A D12.0X1.5X659,C72,name_fuzzy
515,IST2601-100110-2MR,STKM-370G D12.0X2.0X412,M43,name_fuzzy
517,IST3201-120110-2BT,STKM-600  12.0 x 2.00 x 1074.0,B16,name
518,IST3201-120110-2BT,STKM-650  14.0 x 2.30 x 735.0,B13,name
519,IST2701-100110-2MR,STKM-13AC  8.0 x 1.00 x 516.0,FP9,name
520,IST2601-100110-2MR,STKM-550 25.4x1.20x230.4,AJ8,name_fuzzy
522,IST3201-100110-2BT,STKM-410G D12X2.0X952,C99,name_fuzzy
527,IST2601-120111-2MR,STKM-370 28.6 X 1.60 X 1115.5,DF3,name_fuzzy
532,IST3201-120111-2BT,STKM-650 14.0 X 1.35 X 739.5,R26,name_fuzzy
537,IST2601-120111-2MR,STKM-370G D25.4X1.2X1065,B56,name_fuzzy
539,IST2601-120111-2MR,STKM-370G D12.0X2.0X412,M43,name_fuzzy
540,IST2601-120111-2MR,STKM-550 28.6x1.2x445.6,AJ7,name_fuzzy
546,IST2601-130112-2MR,STKM-370 28.6 X 1.60 X 1115.5,DF3,name_fuzzy
554,IST2601-130112-2MR,STKM-370G D25.4 X 1.2 X 446.5,B44,name_fuzzy
557,IST2601-130112-2MR,STKM-370G D12.0X2.0X412,M43,name_fuzzy
559,IST3201-130112-2BT,STKM-600  12.0 x 2.00 x 233.0,5X7,name
560,IST3201-130112-2BT,STKM-600  12.0 x 2.00 x 1074.0,B16,name
561,IST3201-130112-2BT,STKM-650  14.0 x 2.30 x 735.0,B13,name
562,IST2601-130112-2MR,STKM-550 28.6x1.2x445.6,AJ7,name_fuzzy
563,IST2601-130112-2MR,STKM-550 25.4x1.20x230.4,AJ8,name_fuzzy
589,IST2601-140113-2MR,STKM-370 D22.2 X 2.0 X 417,DY17,name_fuzzy
591,IST2601-140113-2MR,STKM-370G D12X2.0X579.0,B57,name_fuzzy
592,IST3201-140113-2BT,STKM-14A D12.0X1.5X659,C72,name_fuzzy
595,IST2601-140113-2MR,STKM-370G D12X1.2X565,VT3,name_fuzzy
597,IST3201-140113-2BT,STKM-600  12.0 x 2.00 x 1074.0,B16,name
600,IST2701-140113-2MR,STKM-13AC  8.0 x 1.00 x 516.0,FP9,name
601,IST3201-140113-2BT,STKM-650  12.0 x 2.00 x 1002.0,FP6,name
602,IST2601-140113-2MR,STKM-550 28.6x1.2x445.6,AJ7,name_fuzzy
603,IST2601-140113-2MR,STKM-550 25.4x1.20x230.4,AJ8,name_fuzzy
615,IST2601-150115-2MR,STKM-370 28.6 X 1.60 X 1115.5,DF3,name_fuzzy
626,IST3201-150115-2BT,STKM-650 14.0 X 1.35 X 739.5,R26,name_fuzzy
627,IST2601-150116-2MR,STKM-370G D25.4 X 1.2 X 641.7,C75,name_fuzzy
636,IST2601-150115-2MR,STKM-370 D22.2 X 2.0 X 417,DY17,name_fuzzy
638,IST2601-150116-2MR,STKM-370G D12X2.0X579.0,B57,name_fuzzy
639,IST2601-150116-2MR,STKM-370G D31.8X1.6X886,C31,name_fuzzy
640,IST3201-150115-2BT,STKM-14A D12.0X1.5X659,C72,name_fuzzy
642,IST2601-150116-2MR,STKM-370G D12.0X2.0X412,M43,name_fuzzy
643,IST2601-150116-2MR,STKM-370G D12X1.2X565,VT3,name_fuzzy
644,IST3201-150115-2BT,STKM-600  12.0 x 2.00 x 233.0,5X7,name
648,IST3201-150115-2BT,STKM-600  12.0 x 2.00 x 1074.0,B16,name
649,IST3201-150115-2BT,STKM-650  14.0 x 2.30 x 735.0,B13,name
653,IST2701-150115-2MR,STKM-13AC  8.0 x 1.00 x 516.0,FP9,name
656,IST2601-150115-2MR,STKM-550 28.6x1.2x445.6,AJ7,name_fuzzy
657,IST2601-150115-2MR,STKM-550 25.4x1.20x230.4,AJ8,name_fuzzy
673,IST7802-280117-2MR,STKM-370 28.6 X 1.60 X 1115.5,DF3,name_fuzzy
680,IST3201-170117-2BT,STKM-650 14.0 X 1.35 X 739.5,R26,name_fuzzy
689,IST2601-170117-2MR,STKM-370 D22.2 X 2.0 X 417,DY17,name_fuzzy
690,IST2601-170117-2MR,STKM-370G D25.4 X 1.2 X 446.5,B44,name_fuzzy
691,IST7802-280117-2MR,STKM-370G D31.8X1.6X886,C31,name_fuzzy
694,IST2601-170117-2MR,STKM-370G D12.0X2.0X412,M43,name_fuzzy
695,IST2601-170117-2MR,STKM-370G D12X1.2X565,VT3,name_fuzzy
696,IST3201-170117-2BT,STKM-600  12.0 x 2.00 x 233.0,5X7,name
699,IST3201-170117-2BT,STKM-600  12.0 x 2.00 x 1074.0,B16,name
700,IST3201-170117-2BT,STKM-650  14.0 x 2.30 x 735.0,B13,name
704,IST2702-190117-2MR,STKM-13AC  8.0 x 1.00 x 516.0,FP9,name
707,IST2601-170117-2MR,STKM-550 28.6x1.2x445.6,AJ7,name_fuzzy
712,IST3201-170117-2BT,STKM-410G D12X2.0X952,C99,name_fuzzy
731,IST2601-190118-2MR,STKM-370G D25.4 X 1.2 X 446.5,B44,name_fuzzy
732,IST2602-190118-2MR,STKM-370G D25.4X1.2X1065,B56,name_fuzzy
733,IST3201-190118-2BT,STKM-14A D12.0X1.5X659,C72,name_fuzzy
734,IST2602-190118-2MR,STKM-370G D12.0X2.0X412,M43,name_fuzzy
736,IST3201-190118-2BT,STKM-600  12.0 x 2.00 x 1074.0,B16,name
737,IST3201-190118-2BT,STKM-650  14.0 x 2.30 x 735.0,B13,name
739,IST2601-190118-2MR,STKM-550 28.6x1.2x445.6,AJ7,name_fuzzy
740,IST3201-190118-2BT,STKM-410G D12X2.0X952,C99,name_fuzzy
743,IST2602-200119-2MR,STKM-370 28.6 X 1.60 X 1115.5,DF3,name_fuzzy
747,IST3201-200119-2BT,STKM-650 14.0 X 1.35 X 739.5,R26,name_fuzzy
755,IST2601-200119-2MR,STKM-370G D25.4 X 1.2 X 446.5,B44,name_fuzzy
756,IST2602-200119-2MR,STKM-370G D25.4X1.2X1065,B56,name_fuzzy
757,IST3201-200119-2BT,STKM-14A D12.0X1.5X659,C72,name_fuzzy
760,IST2602-200119-2MR,STKM-370G Ø25.4X1.2X204.3,VT2,name_fuzzy
762,IST2702-200119-2MR,STKM-13AC  8.0 x 1.00 x 516.0,FP9,name
763,IST2601-200119-2MR,STKM-550 28.6x1.2x445.6,AJ7,name_fuzzy
764,IST2601-200119-2MR,STKM-550 25.4x1.20x230.4,AJ8,name_fuzzy
768,IST3201-200119-2BT,STKM-410G D12X2.0X952,C99,name_fuzzy
775,IST3201-200119-2BT,STKM-650  14.0 x 2.30 x 735.0,B13,name
779,IST4801-210121-2MR,STKM-370G D25.4 X 1.2 X 477.0,B47,name_fuzzy
783,IST3201-210121-2BT,STKM-650 14.0 X 1.35 X 739.5,R26,name_fuzzy
789,IST2602-210121-2MR,STKM-370G D25.4 X 1.2 X 446.5,B44,name_fuzzy
790,IST2602-210121-2MR,STKM-370G D31.8X1.6X886,C31,name_fuzzy
791,IST3201-210121-2BT,STKM-14A D12.0X1.5X659,C72,name_fuzzy
794,IST4901-210121-2MR,STKM-13B  12.0 x 1.60 x 1018.0,FP0,name
795,IST3201-210121-2BT,STKM-600  12.0 x 2.00 x 1074.0,B16,name
798,IST3201-210121-2BT,STKM-410G D12X2.0X952,C99,name_fuzzy
801,IST3201-210121-2BT,STKM-600  12.0 x 2.00 x 233.0,5X7,name
811,IST2602-220122-2MR,STKM-370 28.6 X 1.60 X 1115.5,DF3,name_fuzzy
825,IST2602-220122-2MR,STKM-370G D25.4 X 1.2 X 446.5,B44,name_fuzzy
826,IST2602-220122-2MR,STKM-370G D31.8X1.6X886,C31,name_fuzzy
830,IST4801-220122-2MR,STKM-370G D12X1.2X565,VT3,name_fuzzy
831,IST3201-220122-2BT,STKM-600  12.0 x 2.00 x 233.0,5X7,name
833,IST2602-220122-2MR,STKM-550 28.6x1.2x445.6,AJ7,name_fuzzy
835,IST2602-220122-2MR,STKM-550 25.4x1.20x230.4,AJ8,name_fuzzy
851,IST2602-230123-2MR,STKM-370G D25.4 X 1.2 X 446.5,B44,name_fuzzy
853,IST2602-230123-2MR,STKM-370G D12.0X2.0X412,M43,name_fuzzy
854,IST2602-230123-2MR,STKM-370G D12X1.2X565,VT3,name_fuzzy
855,IST3201-230123-2BT,STKM-600  12.0 x 2.00 x 233.0,5X7,name
860,IST2602-230123-2MR,STKM-550 28.6x1.2x445.6,AJ7,name_fuzzy
861,IST2602-230123-2MR,STKM-550 25.4x1.20x230.4,AJ8,name_fuzzy
864,IST2602-230123-2MR,STKM-370 28.6 X 1.60 X 1115.5,DF3,name_fuzzy
867,IST3201-230123-2BT,STKM-600  12.0 x 2.00 x 763.5,B18,name
871,IST4801-240124-2MR,STKM-370 D22.2 X 2.0 X 417,DY17,name_fuzzy
872,IST2602-240124-2MR,STKM-370G D12X2.0X579.0,B57,name_fuzzy
875,IST3201-240124-2BT,STKM-600  12.0 x 2.00 x 233.0,5X7,name
878,IST2602-240124-2MR,STKM-550 28.6x1.2x445.6,AJ7,name_fuzzy
890,IST2602-260125-2MR,STKM-370G D25.4 X 1.2 X 446.5,B44,name_fuzzy
891,IST2602-260125-2MR,STKM-370G D12X2.0X579.0,B57,name_fuzzy
892,IST2702-260125-2MR,STKM-13AC  8.0 x 1.00 x 516.0,FP9,name
893,IST2602-260125-2MR,STKM-370G D12X1.2X565,VT3,name_fuzzy
894,IST3201-260125-2BT,STKM-600  12.0 x 2.00 x 233.0,5X7,name
898,IST2602-260125-2MR,STKM-550 28.6x1.2x445.6,AJ7,name_fuzzy
902,IST3201-260125-2BT,STKM-650  14.0 x 2.30 x 735.0,B13,name
906,IST3201-260125-2BT,STKM-600  12.0 x 2.00 x 603.0,B15,name
907,IST3201-260125-2BT,STKM-600  12.0 x 2.00 x 763.5,B18,name
910,IST3201-260100-2BT,STKM-650  14.0 x 2.30 x 735.0,B13,name
911,IST3201-260100-2BT,STKM-600  12.0 x 2.00 x 603.0,B15,name
916,IST2602-270126-2MR,STKM-370 28.6 X 1.60 X 1115.5,DF3,name_fuzzy
922,IST4801-270126-2MR,STKM-370G D25.4 X 1.2 X 477.0,B47,name_fuzzy
928,IST3201-270126-2BT,STKM-410G D12X2.0X952,C99,name_fuzzy
929,IST2602-270126-2MR,STKM-370G D31.8X1.6X886,C31,name_fuzzy
930,IST3201-270126-2BT,STKM-14A D12.0X1.5X659,C72,name_fuzzy
934,IST3201-270126-2BT,STKM-600  12.0 x 2.00 x 233.0,5X7,name
935,IST3201-270126-2BT,STKM-600  12.0 x 2.00 x 603.0,B15,name
939,IST2602-270126-2MR,STKM-550 28.6x1.2x445.6,AJ7,name_fuzzy
940,IST2602-270126-2MR,STKM-550 25.4x1.20x230.4,AJ8,name_fuzzy
961,IST3201-280127-2BT,STKM-14A D12.0X1.5X659,C72,name_fuzzy
962,IST7802-280127-2MR,STKM-370G D12.0X2.0X412,M43,name_fuzzy
964,IST3201-280127-2BT,STKM-600  12.0 x 2.00 x 1074.0,B16,name
965,IST3201-280127-2BT,STKM-650  14.0 x 2.30 x 735.0,B13,name
967,IST3201-280127-2BT,STKM-410G D12X2.0X952,C99,name_fuzzy
972,IST4801-290128-2MR,STKM-370G D25.4 X 1.2 X 477.0,B47,name_fuzzy
973,IST7802-290128-2MR,STKM-370G D25.4 X 1.2 X 641.7,C75,name_fuzzy
977,IST4801-290128-2MR,STKM-370 D22.2 X 2.0 X 417,DY17,name_fuzzy
980,IST3201-290128-2BT,STKM-600  12.0 x 2.00 x 1074.0,B16,name
981,IST3201-290128-2BT,STKM-650  14.0 x 2.30 x 735.0,B13,name
994,IST7802-300129-2MR,STKM-370 28.6 X 1.60 X 1115.5,DF3,name_fuzzy
999,IST7802-310100-2MR,STKM-550 28.6x1.2x445.6,AJ7,name_fuzzy
1000,IST7802-310100-2MR,STKM-550 25.4x1.20x230.4,AJ8,name_fuzzy
1001,PRL0045966,STKM-370G D25.4X1.2X1065,B56,name_fuzzy
1002,PO-MRP002391,BR50 WIRE SWM-B Ø5.0 mm CARRER,BR50,code_token
1003,PO-MRP002391,BR60 WIRE SWM-B Ø6.0 mm CARRER,BR60,code_token
1004,PO-MRP002408,DT18 STKM-11A Ø12 X 0.8 X 874,DT18,code_token
1005,PO-MRP002408,DT17 STKM-13A D12 X 0.7 X 639,DT17,code_token
1006,PO-MRP002385,SR23 WIRE SWB Ø2.3 mm CARRER,SR23,code_token
1008,PO-MRP002407,"VT8 STKM-370G D22,2 X 1,6 X 733",VT8,code_token
1010,PO-MRP002407,B73 STKM-370G D25.4 X 1.2 X 607.5,B73,code_token
1013,PO-MRP002407,B61 STKM-370G D25.4 X 1.6 X 569.5,B61,code_token
1015,PO-MRP002408,"DT77 STKM-11A D12,0 X 0,8 X 766",DT77,code_token
1016,PO-MRP002408,DT17 STKM-13A D12 X 0.7 X 639,DT17,code_token
1017,PO-MRP002385,SR60 WIRE SWB Ø6.0 mm CARRER,SR60,code_token
1018,PO-MRP002385,SR38 WIRE SWB Ø3.8 mm CARRER,SR38,code_token
1019,PO-MRP002385,SR60 WIRE SWB Ø6.0 mm CARRER,SR60,code_token
1020,PO-MRP002385,CR38 WIRE SWC Ø3.8 mm CARRER,CR38,code_token
1021,PO-MRP002385,SR38 WIRE SWB Ø3.8 mm CARRER,SR38,code_token
1022,PO-MRP002387,BR80 WIRE SWM-B Ø8.0 mm CARRER,BR80,code_token
1048,PO-MRP002541,BR10 WIRE SWM-B Ø10 mm CARRER,BR10,code_token
1049,PO-MRP002541,BR40 WIRE SWM-B Ø4.0 mm CARRER,BR40,code_token
1050,PO-MRP002541,BR45 WIRE SWM-B Ø4.5 mm CARRER,BR45,code_token
1051,PO-MRP002541,BR50 WIRE SWM-B Ø5.0 mm CARRER,BR50,code_token
1052,PO-MRP002541,BR50 WIRE SWM-B Ø5.0 mm CARRER,BR50,code_token
1053,PO-MRP002541,BR60 WIRE SWM-B Ø 6.0 mm CARRER,BR60,code_token
1054,PO-MRP002541,BR60 WIRE SWM-B Ø 6.0 mm CARRER,BR60,code_token
1055,PO-MRP002541,BR70 WIRE SWM-B Ø7.0 mm CARRER,BR70,code_token
1056,PO-MRP002541,BR80 WIRE SWM-B Ø8.0 mm CARRER,BR80,code_token
1057,PO-MRP002539,BR40 WIRE SWM-B Ø4.0 mm CARRER,BR40,code_token
1058,PO-MRP002539,BR45 WIRE SWM-B Ø4.5 mm CARRER,BR45,code_token
1059,PO-MRP002539,BR50 WIRE SWM-B Ø5.0 mm CARRER,BR50,code_token
1060,PO-MRP002539,BR60 WIRE SWM-B Ø6.0 mm CARRER,BR60,code_token
1061,PO-MRP002539,BR70 WIRE SWM-B Ø7.0 mm CARRER,BR70,code_token
1062,PO-MRP002539,BR10 WIRE SWM-B Ø10.0 mm CARRER,BR10,code_token
1063,PO-MRP002540,BR50 WIRE SWM-B Ø5.0 mm CARRER,BR50,code_token
1064,PO-MRP002540,BR60 WIRE SWM-B Ø6.0 mm CARRER,BR60,code_token
1065,PO-MRP002540,BR60 WIRE SWM-B Ø6.0 mm CARRER,BR60,code_token
1066,PO-MRP002496,STKM-370G D25.4 X 1.6 X 569.5,B61,name_fuzzy
1067,PO-MRP002496,STKM-370G D25.4 X 1.6 X 569.5,B61,name_fuzzy
1068,PO-MRP002496,STKM-370G D25.4 X 1.2 X 607.5,B73,name_fuzzy
1069,PO-MRP002496,STKM-370G D25.4 X 1.2 X 607.5,B73,name_fuzzy
1070,PO-MRP002496,STKM-370G D25.4 X 1.2 X 607.5,B73,name_fuzzy
1071,PO-MRP002496,"STKM-370G D25,4 X 1,6 X 681",C69,name_fuzzy
1072,PO-MRP002496,"STKM-370G D25,4 X 1,6 X 681",C69,name_fuzzy
1073,PO-MRP002496,STKM-370G D12.0 X 0.7 X 637,M69,name_fuzzy
1074,PO-MRP002496,STKM-370G D12.0 X 0.7 X 637,M69,name_fuzzy
1075,PO-MRP002496,STKM-370G D25.4 X 1.2 X 1136,VT1,name_fuzzy
1076,PO-MRP002496,"STKM-370G D22,2 X 1,6 X 733",VT8,name_fuzzy
1077,PO-MRP002496,"STKM-370G D22,2 X 1,6 X 733",VT8,name_fuzzy
1078,PO-MRP002496,"STKM-370G D22,2 X 1,6 X 733",VT8,name_fuzzy
1079,PO-MRP002499,DT17 STKM-13A D12 X 0.7 X 639,DT17,code_token
1080,PO-MRP002499,DT17 STKM-13A D12 X 0.7 X 639,DT17,code_token
1081,PO-MRP002499,DT17 STKM-13A D12 X 0.7 X 639,DT17,code_token
1082,PO-MRP002499,DT17 STKM-13A D12 X 0.7 X 639,DT17,code_token
1083,PO-MRP002499,DT18 STKM-11A Ø12 X 0.8 X 874,DT18,code_token
1084,PO-MRP002499,"DT77 STKM-11A D12,0 X 0,8 X 766",DT77,code_token
1085,PO-MRP002499,"DT77 STKM-11A D12,0 X 0,8 X 766",DT77,code_token
1086,PO-MRP002499,"DT77 STKM-11A D12,0 X 0,8 X 766",DT77,code_token
1087,PO-MRP002390,BR10 WIRE SWM-B Ø10.0 mm CARRER,BR10,code_token
1088,PO-MRP002408,DT18 STKM-11A Ø12 X 0.8 X 874,DT18,code_token
1089,PO-MRP002407,B61 STKM-370G D25.4 X 1.6 X 569.5,B61,code_token
1091,PO-MRP002390,BR10 WIRE SWM-B Ø10.0 mm CARRER,BR10,code_token
1092,PO-MRP002407,B61 STKM-370G D25.4 X 1.6 X 569.5,B61,code_token
1093,PO-MRP002390,R40 WIRE SWM-B Ø4.0 mm CARRER,R40,code_token
1094,PO-MRP002390,BR10 WIRE SWM-B Ø10.0 mm CARRER,BR10,code_token
1095,PO-MRP002390,R40 WIRE SWM-B Ø4.0 mm CARRER,R40,code_token
1096,PO-MRP002407,B73 STKM-370G D25.4 X 1.2 X 607.5,B73,code_token
1098,PO-MRP002541,BR50 WIRE SWM-B Ø5.0 mm CARRER,BR50,code_token
1099,PO-MRP002408,DT18 STKM-11A Ø12 X 0.8 X 874,DT18,code_token
1100,PO-MRP002390,BR60 WIRE SWM-B Ø6.0 mm CARRER,BR60,code_token
1101,PO-MRP002390,BR60 WIRE SWM-B Ø6.0 mm CARRER,BR60,code_token
1102,PO-MRP002390,BR60 WIRE SWM-B Ø6.0 mm CARRER,BR60,code_token
1103,PO-MRP002496,STKM-370G D12.0 X 0.7 X 637,M69,name_fuzzy
1105,PO-MRP002390,BR10 WIRE SWM-B Ø10.0 mm CARRER,BR10,code_token
1106,PO-MRP002390,BR10 WIRE SWM-B Ø10.0 mm CARRER,BR10,code_token
1107,PO-MRP002539,BR45 WIRE SWM-B Ø4.5 mm CARRER,BR45,code_token
1108,PO-MRP002408,DT18 STKM-11A Ø12 X 0.8 X 874,DT18,code_token
1109,PO-MRP002541,BR60 WIRE SWM-B Ø 6.0 mm CARRER,BR60,code_token
1110,PO-MRP002541,BR60 WIRE SWM-B Ø 6.0 mm CARRER,BR60,code_token
1111,PO-MRP002541,BR50 WIRE SWM-B Ø5.0 mm CARRER,BR50,code_token
1112,PO-MRP002541,BR50 WIRE SWM-B Ø5.0 mm CARRER,BR50,code_token
1113,PO-MRP002541,BR60 WIRE SWM-B Ø 6.0 mm CARRER,BR60,code_token
1114,PO-MRP002327,STKM-370G D22.2X1.6X733,VT8,name_fuzzy
1117,PO-MRP002408,DT18 STKM-11A Ø12 X 0.8 X 874,DT18,code_token
1118,PO-MRP002540,BR60 WIRE SWM-B Ø6.0 mm CARRER,BR60,code_token
1119,PO-MRP002496,"STKM-370G D22,2 X 1,6 X 733",VT8,name_fuzzy
1120,PO-MRP002390,BR50 WIRE SWM-B Ø5.0 mm CARRER,BR50,code_token
1121,PO-MRP002541,BR50 WIRE SWM-B Ø5.0 mm CARRER,BR50,code_token
1122,PO-MRP002541,BR50 WIRE SWM-B Ø5.0 mm CARRER,BR50,code_token
1123,PO-MRP002327,STKM-370G D22.2X1.6X733,VT8,name_fuzzy
1124,PO-MRP002407,B73 STKM-370G D25.4 X 1.2 X 607.5,B73,code_token
1125,PO-MRP002496,STKM-370G D25.4 X 1.2 X 1136,VT1,name_fuzzy
1126,PO-MRP002407,B61 STKM-370G D25.4 X 1.6 X 569.5,B61,code_token
1127,PO-MRP002407,B73 STKM-370G D25.4 X 1.2 X 607.5,B73,code_token
1128,PO-MRP002496,STKM-370G D25.4 X 1.2 X 607.5,B73,name_fuzzy
1129,PO-MRP002496,STKM-370G D12.0 X 0.7 X 637,M69,name_fuzzy
1130,PO-MRP002539,BR70 WIRE SWM-B Ø7.0 mm CARRER,BR70,code_token
1131,PO-MRP002539,BR60 WIRE SWM-B Ø6.0 mm CARRER,BR60,code_token
1132,PO-MRP002541,BR60 WIRE SWM-B Ø 6.0 mm CARRER,BR60,code_token
1142,PO-MRP002625,B61 STKM-370G D25.4 X 1.6 X 569.5,B61,code_token
1143,PO-MRP002625,B61 STKM-370G D25.4 X 1.6 X 569.5,B61,code_token
1144,PO-MRP002625,B73 STKM-370G D25.4 X 1.2 X 607.5,B73,code_token
1145,PO-MRP002625,B73 STKM-370G D25.4 X 1.2 X 607.5,B73,code_token
1146,PO-MRP002625,C13 STKM-370G D22.2 X 1.6 X 757,C13,code_token
1147,PO-MRP002625,C13 STKM-370G D22.2 X 1.6 X 757,C13,code_token
1148,PO-MRP002625,C13 STKM-370G D22.2 X 1.6 X 757,C13,code_token
1149,PO-MRP002625,"C69 STKM-370G D25,4 X 1,6 X 681",C69,code_token
1150,PO-MRP002625,"C69 STKM-370G D25,4 X 1,6 X 681",C69,code_token
1151,PO-MRP002625,M69 STKM-370G D12.0 X 0.7 X 637,M69,code_token
1152,PO-MRP002625,M69 STKM-370G D12.0 X 0.7 X 637,M69,code_token
1153,PO-MRP002625,VT1 STKM-370G D25.4 X 1.2 X 1136,VT1,code_token
1154,PO-MRP002625,"VT8 STKM-370G D22,2 X 1,6 X 733",VT8,code_token
1155,PO-MRP002625,"VT8 STKM-370G D22,2 X 1,6 X 733",VT8,code_token
1156,PO-MRP002625,"VT8 STKM-370G D22,2 X 1,6 X 733",VT8,code_token
1157,PO-MRP002589,SR20 WIRE SWB Ø2.0 mm CARRER,SR20,code_token
1158,PO-MRP002589,"SR40 WIRE SWB Ø4,0 mm CARRER",SR40,code_token
1159,PO-MRP002589,CR38 WIRE SWC Ø3.8 mm CARRER,CR38,code_token
1160,PO-MRP002589,CR38 WIRE SWC Ø3.8 mm CARRER,CR38,code_token
1161,PO-MRP002589,SR38 WIRE SWB Ø3.8 mm CARRER,SR38,code_token
1162,PO-MRP002589,SR38 WIRE SWB Ø3.8 mm CARRER,SR38,code_token
1163,PO-MRP002589,SR45 WIRE SWB Ø4.5 mm CARRER,SR45,code_token
1164,PO-MRP002589,SR60 WIRE SWB Ø6.0 mm CARRER,SR60,code_token
1165,PO-MRP002589,SR60 WIRE SWB Ø6.0 mm CARRER,SR60,code_token
1166,PO-MRP002589,SR50 WIRE SWB Ø5.0 mm CARER,SR50,code_token
1167,PO-MRP002589,SL32 WIRE SWB Ø3.2 mm COIL,SL32,code_token
1168,PO-MRP002589,SL38 WIRE SWB Ø3.8 mm COIL,SL38,code_token
1169,PO-MRP002589,SL40 WIRE SWB Ø4.0 mm COIL,SL40,code_token
1170,PO-MRP002589,SL45 WIRE SWB Ø4.5 mm COIL,SL45,code_token
1171,PO-MRP002589,SR23 WIRE SWB Ø2.3 mm CARRER,SR23,code_token
1172,PO-MRP002589,SR23 WIRE SWB Ø2.3 mm CARRER,SR23,code_token